playerID,ballots,votes,inducted
moraljo01,444.0,0.0,N
judgejo01,251.0,2.0,N
traynpi01,262.0,3.0,N
hodgegi01,360.0,180.0,N
roushed01,234.0,24.0,N
greenha01,226.0,67.0,N
langebi01,264.0,1.0,N
baineha01,543.0,28.0,N
torrejo01,374.0,20.0,N
pinsova01,460.0,32.0,N
hoytwa01,251.0,33.0,N
schumha02,269.0,11.0,N
tobinji01,193.0,2.0,N
schalra01,262.0,45.0,N
meusebo01,234.0,1.0,N
bluegos01,269.0,3.0,N
applilu01,266.0,77.0,N
derripa01,266.0,15.0,N
haddiha01,365.0,8.0,N
kellge01,396.0,115.0,N
ruelmu01,252.0,5.0,N
groatdi01,379.0,3.0,N
fletcar01,201.0,2.0,N
piercbi02,380.0,4.0,N
myersra01,506.0,1.0,N
granted01,262.0,1.0,N
niekrph01,423.0,278.0,N
applilu01,201.0,189.0,Y
ruckena01,233.0,15.0,N
bottoji01,251.0,26.0,N
traynpi01,233.0,45.0,N
johnto01,473.0,129.0,N
planked01,247.0,33.0,N
clarkfr01,226.0,1.0,N
careyma01,234.0,36.0,N
maranra01,234.0,133.0,N
pascuca02,379.0,1.0,N
newcodo01,300.0,5.0,N
lawve01,383.0,5.0,N
colliji01,78.0,8.0,N
kerrdi01,201.0,1.0,N
marquru01,264.0,19.0,N
larsedo01,395.0,32.0,N
howelro02,444.0,0.0,N
jossad01,247.0,23.0,N
conceda01,472.0,56.0,N
willibi01,374.0,153.0,N
kluszte01,360.0,9.0,N
hargrbu01,269.0,1.0,N
schreos01,274.0,2.0,N
conceda01,460.0,43.0,N
bailobo01,443.0,0.0,N
palmera01,569.0,50.0,N
mondari01,444.0,2.0,N
meusebo01,251.0,2.0,N
milancl01,262.0,1.0,N
gossari01,520.0,336.0,N
shantbo01,365.0,3.0,N
killeha01,374.0,269.0,N
hermabi01,306.0,14.0,N
murrare01,262.0,1.0,N
wilsoha01,121.0,2.0,N
kinerra01,201.0,3.0,N
nichoki01,262.0,3.0,N
sainjo01,340.0,8.0,N
harribu01,269.0,31.0,N
shantbo01,300.0,7.0,N
brechha01,380.0,3.0,N
wilsoha01,234.0,21.0,N
billija01,425.0,1.0,N
gomezle01,193.0,89.0,N
reichri01,385.0,0.0,N
elberki01,247.0,2.0,N
henrito01,266.0,11.0,N
schumha02,193.0,2.0,N
oneilst01,168.0,1.0,N
bailebo01,403.0,1.0,N
lindsfr01,266.0,5.0,N
bluegos01,266.0,2.0,N
bowala01,443.0,11.0,N
howarel01,413.0,44.0,N
deandi01,264.0,209.0,Y
bancrda01,264.0,10.0,N
morrija02,581.0,311.0,N
schalra01,201.0,24.0,N
rizzuph01,362.0,117.0,N
ashburi01,365.0,56.0,N
gowdyha01,161.0,1.0,N
durocle01,266.0,28.0,N
guerrpe01,473.0,6.0,N
schoere01,365.0,110.0,N
sherdbi01,193.0,1.0,N
ruffire01,121.0,4.0,N
bridgto01,266.0,11.0,N
kinerra01,380.0,235.0,N
roushed01,202.0,11.0,N
deandi01,263.0,45.0,N
jacksgr01,427.0,0.0,N
larsedo01,432.0,53.0,N
cavarph01,201.0,22.0,N
lockebo01,401.0,0.0,N
foxxji01,121.0,50.0,N
kaatji01,499.0,125.0,N
bresnro01,201.0,43.0,N
boudrlo01,302.0,115.0,N
mondera01,581.0,0.0,N
boonebo01,497.0,27.0,N
vanceda01,251.0,205.0,Y
sislege01,201.0,106.0,N
fitzsfr01,269.0,13.0,N
coopemo01,269.0,1.0,N
facero01,395.0,62.0,N
cravaga01,161.0,2.0,N
bridgto01,201.0,1.0,N
boudrlo01,340.0,218.0,N
kinerra01,396.0,235.0,N
kerrdi01,233.0,1.0,N
lolicmi01,413.0,84.0,N
garvest01,506.0,123.0,N
wanerpa01,168.0,95.0,N
willsma01,413.0,113.0,N
whitefr01,470.0,18.0,N
odoulle01,264.0,11.0,N
altroni01,274.0,6.0,N
lopated01,300.0,1.0,N
murcebo01,447.0,3.0,N
walkela01,549.0,65.0,N
foxne01,385.0,161.0,N
camparo01,306.0,170.0,N
grimmch01,266.0,26.0,N
hermaba01,251.0,5.0,N
foxne01,362.0,76.0,N
mattido01,515.0,145.0,N
johnsde01,415.0,0.0,N
myerbu01,153.0,1.0,N
vaughar01,251.0,4.0,N
coombja01,202.0,2.0,N
rusieam01,78.0,11.0,N
candejo01,497.0,1.0,N
reesepe01,201.0,73.0,N
schoere01,380.0,96.0,N
newsobo01,201.0,17.0,N
dykesji01,153.0,7.0,N
adamsba01,161.0,22.0,N
wilsoji01,266.0,3.0,N
fostege01,456.0,16.0,N
wanerll01,201.0,47.0,N
strawda01,516.0,6.0,N
friscfr01,233.0,84.0,N
floodcu01,444.0,35.0,N
bottoji01,121.0,4.0,N
maranra01,121.0,38.0,N
parkeda01,499.0,104.0,N
boyerke01,443.0,58.0,N
suttebr01,496.0,266.0,N
wagneho01,226.0,215.0,Y
uhlege01,266.0,4.0,N
mazerbi01,379.0,23.0,N
raineti01,549.0,302.0,N
messean01,395.0,3.0,N
elberki01,262.0,2.0,N
willine01,78.0,2.0,N
jossad01,262.0,18.0,N
ferreri01,269.0,1.0,N
furilca01,360.0,5.0,N
wertzvi01,383.0,4.0,N
roepr01,160.0,1.0,N
ehmkeho01,234.0,1.0,N
floodcu01,425.0,45.0,N
sierrru01,573.0,0.0,N
mcgeewi01,520.0,12.0,N
delahed01,233.0,104.0,N
kellech01,160.0,1.0,N
lazzeto01,160.0,8.0,N
waltebu01,266.0,33.0,N
waltebu01,193.0,5.0,N
schoere01,340.0,65.0,N
grohhe01,168.0,2.0,N
suhrgu01,269.0,1.0,N
harribu01,274.0,1.0,N
garvest01,473.0,195.0,N
woodwi01,413.0,26.0,N
garcino01,440.0,8.0,N
griffcl01,274.0,20.0,N
crowdal01,269.0,1.0,N
gordojo01,266.0,11.0,N
austiji01,266.0,1.0,N
howarel01,383.0,43.0,N
sainjo01,365.0,51.0,N
brilene01,403.0,1.0,N
hoytwa01,193.0,37.0,N
gordojo01,269.0,11.0,N
simmoal01,226.0,4.0,N
evansda01,460.0,8.0,N
harribu01,266.0,45.0,N
scottev01,226.0,2.0,N
durocle01,193.0,1.0,N
wanerll01,193.0,18.0,N
parkeda01,472.0,66.0,N
ramospe01,379.0,0.0,N
crosefr01,193.0,1.0,N
mcgwima01,539.0,128.0,N
kuennha01,447.0,115.0,N
adamsba01,201.0,8.0,N
lajoina01,201.0,168.0,Y
duganjo01,153.0,2.0,N
garvest01,496.0,138.0,N
cavarph01,160.0,2.0,N
dobyla01,306.0,1.0,N
elberki01,201.0,1.0,N
milancl01,264.0,1.0,N
terrybi01,226.0,9.0,N
trammal01,539.0,94.0,N
shortch02,432.0,1.0,N
tiantlu01,499.0,86.0,N
santoro01,456.0,150.0,N
newcodo01,396.0,7.0,N
ashburi01,283.0,6.0,N
willibe02,569.0,19.0,N
cochrmi01,233.0,88.0,N
ruckena01,262.0,12.0,N
dykstle01,472.0,1.0,N
hubbeca01,161.0,140.0,Y
grohhe01,251.0,5.0,N
kaatji01,456.0,98.0,N
rizzuph01,201.0,45.0,N
maranra01,153.0,58.0,N
grohhe01,201.0,1.0,N
torrejo01,444.0,55.0,N
ruffire01,292.0,212.0,N
kleinch01,269.0,37.0,N
righeda01,515.0,2.0,N
keltnke01,266.0,1.0,N
mazerbi01,425.0,100.0,N
martipe01,153.0,16.0,N
mazerbi01,385.0,33.0,N
mattido01,516.0,59.0,N
burnsge01,262.0,3.0,N
camildo01,266.0,4.0,N
donlimi01,247.0,1.0,N
guarded01,549.0,0.0,N
munsoth01,447.0,31.0,N
clarkjo01,78.0,5.0,N
ruckena01,247.0,10.0,N
wynnea01,396.0,301.0,Y
martipe01,269.0,29.0,N
howarel01,403.0,45.0,N
allendi01,374.0,14.0,N
floodcu01,456.0,39.0,N
crandde01,432.0,9.0,N
kraneed01,395.0,0.0,N
stengca01,121.0,1.0,N
marquru01,274.0,4.0,N
oliveal01,443.0,19.0,N
larsedo01,415.0,32.0,N
facero01,374.0,32.0,N
haineje01,168.0,11.0,N
kellyge01,269.0,5.0,N
adamsba01,251.0,24.0,N
wilsoha01,266.0,94.0,N
coopewa01,388.0,56.0,N
facero01,403.0,65.0,N
simmoal01,226.0,116.0,N
crigelo01,262.0,11.0,N
tiantlu01,497.0,53.0,N
wanerpa01,121.0,51.0,N
alomasa02,569.0,16.0,N
fregoji01,403.0,4.0,N
maranra01,187.0,39.0,N
rixeyep01,252.0,5.0,N
faberre01,251.0,27.0,N
tayloto02,415.0,0.0,N
baineha01,539.0,33.0,N
powervi01,396.0,3.0,N
collied01,262.0,175.0,N
morrija02,496.0,113.0,N
alexado01,460.0,0.0,N
ruffire01,302.0,208.0,N
grimmch01,121.0,6.0,N
jonessa01,274.0,1.0,N
fitzsfr01,160.0,1.0,N
parkeda01,473.0,83.0,N
lyonste01,153.0,29.0,N
conceda01,545.0,74.0,N
lowebo01,233.0,1.0,N
schoere01,374.0,146.0,N
hahnno01,274.0,1.0,N
youngro01,234.0,34.0,N
selkige01,153.0,1.0,N
elliobo01,201.0,4.0,N
blylebe01,545.0,260.0,N
cartejo01,506.0,19.0,N
coombja01,121.0,2.0,N
grimmch01,153.0,10.0,N
burdele01,380.0,12.0,N
oglivbe01,430.0,0.0,N
grimmch01,247.0,1.0,N
mcgwima01,569.0,96.0,N
kellge01,306.0,11.0,N
ashburi01,415.0,126.0,N
rusieam01,247.0,1.0,N
wertzvi01,396.0,4.0,N
valenfe01,496.0,31.0,N
marioma01,340.0,112.0,N
gonzami01,266.0,3.0,N
faberre01,121.0,3.0,N
gossari01,545.0,388.0,N
wilsoha01,226.0,21.0,N
jacksre01,423.0,396.0,Y
singebi01,374.0,0.0,N
moseswa01,269.0,1.0,N
blassst01,385.0,2.0,N
kellech01,283.0,11.0,N
reesepe01,379.0,169.0,N
camildo01,121.0,1.0,N
vuckope01,430.0,0.0,N
marisro01,401.0,94.0,N
ziskri01,447.0,0.0,N
mcdanli01,415.0,3.0,N
johnto01,473.0,97.0,N
robinfr02,415.0,370.0,Y
boudrlo01,193.0,2.0,N
abbotji01,516.0,13.0,N
marbefi01,269.0,2.0,N
ricesa01,168.0,1.0,N
hebneri01,443.0,1.0,N
newsobo01,396.0,31.0,N
vandejo01,302.0,72.0,N
pruethu01,153.0,1.0,N
walkeha01,266.0,1.0,N
crawfsa01,226.0,1.0,N
dunlafr01,78.0,2.0,N
kellge01,383.0,141.0,N
blylebe01,499.0,87.0,N
hoytwa01,226.0,13.0,N
conceda01,473.0,80.0,N
willicy01,226.0,7.0,N
doerrbo01,306.0,15.0,N
chapmsa01,266.0,1.0,N
matheed01,383.0,239.0,N
wilsoha01,269.0,72.0,N
rowesc01,269.0,3.0,N
lajoina01,78.0,2.0,N
ruelmu01,266.0,10.0,N
careyma01,252.0,55.0,N
mccarjo99,274.0,3.0,N
ripkeca01,545.0,537.0,Y
keyji01,506.0,3.0,N
schanwa01,193.0,1.0,N
oneilst01,226.0,3.0,N
schanwa01,168.0,1.0,N
torrejo01,427.0,60.0,N
puhlte01,473.0,1.0,N
sheckji01,202.0,1.0,N
marioma01,306.0,22.0,N
gladdfr01,432.0,0.0,N
clarkfr01,247.0,53.0,N
gowdyha01,269.0,38.0,N
murphda05,539.0,62.0,N
davisha01,247.0,1.0,N
lolicmi01,447.0,47.0,N
mungova01,269.0,2.0,N
grantge01,266.0,1.0,N
lazzeto01,266.0,80.0,N
wheatza01,274.0,4.0,N
rudoldi01,226.0,1.0,N
rixeyep01,226.0,5.0,N
boudrlo01,283.0,146.0,N
cardele01,415.0,1.0,N
doerrbo01,300.0,75.0,N
wilsoji01,193.0,17.0,N
vandejo01,340.0,95.0,N
foxne01,396.0,64.0,N
rommeed01,266.0,7.0,N
deandi01,202.0,40.0,N
wertzvi01,360.0,2.0,N
roepr01,300.0,1.0,N
bucknbi01,470.0,10.0,N
perryga01,443.0,342.0,Y
sexsori01,571.0,0.0,N
dykesji01,251.0,1.0,N
snidedu01,396.0,84.0,N
stephri01,160.0,1.0,N
kaatji01,443.0,62.0,N
moorete01,283.0,33.0,N
castivi02,573.0,6.0,N
faberre01,262.0,1.0,N
grimmch01,234.0,6.0,N
moseswa01,360.0,7.0,N
morrija02,539.0,237.0,N
meusebo01,247.0,1.0,N
robinwi01,274.0,46.0,N
benchjo01,447.0,431.0,Y
milledo02,121.0,1.0,N
evansdw01,473.0,28.0,N
murphda05,516.0,54.0,N
cepedor01,447.0,176.0,N
kalinal01,385.0,340.0,Y
allenbe01,432.0,0.0,N
marisro01,374.0,69.0,N
vanslan01,515.0,0.0,N
tennefr02,201.0,5.0,N
schoere01,415.0,135.0,N
schmija01,549.0,0.0,N
cronijo01,168.0,33.0,N
howarel01,388.0,55.0,N
schaapa01,385.0,0.0,N
ruffire01,266.0,99.0,N
garneph01,456.0,2.0,N
cravaga01,202.0,1.0,N
hemusso01,302.0,1.0,N
friscfr01,263.0,67.0,N
snidedu01,380.0,101.0,N
selkige01,121.0,1.0,N
bradlbi01,233.0,1.0,N
howarel01,385.0,29.0,N
whitebu01,193.0,1.0,N
dinnebi01,233.0,1.0,N
medwijo01,160.0,34.0,N
nehfar01,274.0,1.0,N
mcgrajo01,201.0,5.0,N
haineje01,251.0,10.0,N
smithoz01,472.0,433.0,Y
hafeych01,252.0,2.0,N
gonzalu01,571.0,5.0,N
hillejo01,425.0,11.0,N
cuyleki01,153.0,4.0,N
moseswa01,266.0,1.0,N
sosasa01,571.0,41.0,N
facero01,415.0,22.0,N
mcginjo01,202.0,53.0,N
smithsh01,121.0,1.0,N
lyonste01,121.0,15.0,N
wrighgl01,252.0,1.0,N
ferrewe01,193.0,7.0,N
cansejo01,545.0,6.0,N
torrejo01,403.0,45.0,N
facero01,401.0,23.0,N
marbefi01,160.0,2.0,N
howarel01,365.0,19.0,N
jennihu01,233.0,64.0,N
kendaja01,440.0,2.0,N
willsma01,403.0,104.0,N
alouje01,395.0,1.0,N
medwijo01,292.0,212.0,N
mclaide01,395.0,2.0,N
bendech01,263.0,35.0,N
conrowi01,247.0,1.0,N
martipe01,201.0,5.0,N
nichobi01,269.0,1.0,N
sainjo01,360.0,11.0,N
altroni01,264.0,1.0,N
rosepe01,423.0,14.0,N
careyma01,274.0,7.0,N
hrbekke01,499.0,5.0,N
drysddo01,362.0,76.0,N
facero01,388.0,23.0,N
tiantlu01,472.0,85.0,N
grimebu01,264.0,9.0,N
jenkife01,443.0,334.0,Y
bondto01,78.0,1.0,N
darkal01,432.0,80.0,N
rommeed01,226.0,1.0,N
marioma01,292.0,90.0,N
sainjo01,380.0,47.0,N
blylebe01,496.0,145.0,N
schalra01,153.0,24.0,N
judgejo01,266.0,9.0,N
akerja01,385.0,0.0,N
oneilst01,121.0,2.0,N
trammal01,573.0,211.0,N
johnto01,520.0,154.0,N
rickebr01,247.0,2.0,N
schalra01,234.0,44.0,N
wilsoha01,168.0,16.0,N
howarfr01,432.0,6.0,N
stephri01,193.0,2.0,N
booneaa01,549.0,2.0,N
grimebu01,201.0,1.0,N
suttebr01,473.0,130.0,N
matheed01,379.0,301.0,Y
lolicmi01,427.0,109.0,N
johnto01,506.0,111.0,N
jennihu01,247.0,92.0,N
averiea01,160.0,3.0,N
granted01,202.0,1.0,N
martipe01,247.0,1.0,N
faberre01,226.0,8.0,N
guidrro01,470.0,37.0,N
gomezle01,264.0,35.0,N
mcdougi01,340.0,3.0,N
raschvi01,362.0,37.0,N
clemero02,549.0,206.0,N
pinsova01,425.0,43.0,N
rayji01,385.0,0.0,N
rixeyep01,251.0,8.0,N
hackst01,153.0,4.0,N
youngro01,233.0,44.0,N
hornsro01,226.0,105.0,N
mcinnst01,153.0,8.0,N
darkal01,385.0,43.0,N
lemonbo01,360.0,90.0,N
wilsoji01,168.0,4.0,N
faberre01,266.0,68.0,N
elberki01,233.0,1.0,N
luquedo01,201.0,1.0,N
smithle02,549.0,166.0,N
podrejo01,388.0,2.0,N
rommeed01,269.0,12.0,N
derripa01,168.0,1.0,N
marquru01,252.0,15.0,N
daubeja01,262.0,1.0,N
whiteea01,266.0,2.0,N
youngro01,247.0,22.0,N
fostege01,430.0,24.0,N
foxxji01,226.0,21.0,N
wambsbi01,193.0,1.0,N
hermaba01,168.0,2.0,N
lombaer01,306.0,25.0,N
kellge01,300.0,90.0,N
martipe01,202.0,1.0,N
cepedor01,385.0,48.0,N
sainjo01,201.0,3.0,N
marquru01,153.0,4.0,N
hermaba01,269.0,7.0,N
cramedo01,160.0,1.0,N
friscfr01,247.0,101.0,N
bendech01,202.0,39.0,N
combsea01,266.0,34.0,N
mizejo01,360.0,157.0,N
dykesji01,269.0,27.0,N
lopezal01,193.0,1.0,N
nehfar01,266.0,13.0,N
lemonbo01,302.0,21.0,N
aloumo01,571.0,6.0,N
wynnea01,300.0,140.0,N
cuyleki01,234.0,10.0,N
riceji01,497.0,146.0,N
martibi02,292.0,1.0,N
parkeda01,506.0,53.0,N
torrejo01,423.0,63.0,N
shockur01,262.0,1.0,N
finlest01,569.0,4.0,N
roushed01,251.0,97.0,N
suttebr01,520.0,400.0,Y
mcgwima01,581.0,115.0,N
gehrich01,121.0,52.0,N
clarkfr01,262.0,63.0,N
darkal01,360.0,54.0,N
luquedo01,264.0,1.0,N
martied01,569.0,204.0,N
cepedor01,415.0,42.0,N
hornsro01,201.0,53.0,N
bartedi01,226.0,1.0,N
allendi01,470.0,89.0,N
mcdougi01,292.0,4.0,N
reesepe01,300.0,97.0,N
kellech01,269.0,7.0,N
nichoki01,247.0,5.0,N
mcdougi01,380.0,2.0,N
thomsbo01,388.0,9.0,N
martimo01,302.0,2.0,N
reesepe01,283.0,81.0,N
rizzuph01,160.0,44.0,N
mcnalda01,395.0,7.0,N
boudrlo01,201.0,68.0,N
torrejo01,443.0,41.0,N
schanwa01,121.0,1.0,N
helmsto01,374.0,1.0,N
mizejo01,300.0,126.0,N
rosepe01,430.0,41.0,N
robinbi02,447.0,0.0,N
martied01,581.0,191.0,N
camildo01,269.0,3.0,N
milleha01,201.0,1.0,N
youngro01,274.0,34.0,N
rizzuph01,360.0,92.0,N
aparilu01,374.0,252.0,N
waltebu01,306.0,24.0,N
cepedor01,423.0,252.0,N
guidrro01,460.0,25.0,N
furilca01,302.0,2.0,N
gosligo01,266.0,26.0,N
hermabi01,201.0,26.0,N
gleaski01,274.0,1.0,N
bottoji01,168.0,8.0,N
ansonca01,78.0,39.0,N
waltebu01,201.0,35.0,N
lazzeto01,252.0,30.0,N
mccarjo99,264.0,1.0,N
bottoji01,252.0,16.0,N
earnsge01,193.0,3.0,N
marioma01,160.0,16.0,N
cavarph01,340.0,37.0,N
cepedor01,444.0,211.0,N
phillde01,233.0,1.0,N
fingero01,443.0,291.0,N
luzingr01,444.0,1.0,N
willibi01,415.0,97.0,N
hornsro01,233.0,182.0,Y
drysddo01,415.0,233.0,N
grovele01,161.0,123.0,Y
grudzma01,440.0,0.0,N
murphda05,472.0,70.0,N
deshaji01,515.0,1.0,N
waltebu01,340.0,20.0,N
stottme01,385.0,3.0,N
mattido01,543.0,86.0,N
lucasre01,266.0,1.0,N
hoytwa01,160.0,18.0,N
hodgegi01,380.0,218.0,N
dykesji01,226.0,3.0,N
luquedo01,262.0,1.0,N
powervi01,360.0,2.0,N
vanceda01,168.0,52.0,N
conceda01,520.0,65.0,N
darkal01,380.0,53.0,N
milnejo01,427.0,0.0,N
cartega01,499.0,248.0,N
terrybi01,262.0,7.0,N
wettejo01,520.0,4.0,N
mayle01,427.0,3.0,N
hermabi01,266.0,7.0,N
johnto01,497.0,93.0,N
caminke01,545.0,2.0,N
turnete01,161.0,2.0,N
walshed01,202.0,115.0,N
rizzuph01,300.0,79.0,N
smithle02,573.0,290.0,N
friscfr01,161.0,136.0,Y
hodgegi01,396.0,161.0,N
maranra01,247.0,51.0,N
moorete01,269.0,7.0,N
riceji01,470.0,166.0,N
lemonbo01,283.0,47.0,N
crowlte01,447.0,0.0,N
lylesp01,447.0,25.0,N
wagneho01,78.0,5.0,N
johnswa01,226.0,189.0,Y
hodgegi01,415.0,205.0,N
spencji01,427.0,0.0,N
rolfere01,266.0,13.0,N
wanerpa01,202.0,4.0,N
valenfe01,506.0,19.0,N
hardeme01,168.0,2.0,N
burnsge01,153.0,1.0,N
vanceda01,262.0,10.0,N
parkeda01,496.0,51.0,N
vaughar01,283.0,82.0,N
lombaer01,266.0,4.0,N
ruffire01,264.0,24.0,N
gordojo01,292.0,66.0,N
olivato01,470.0,170.0,N
richajr01,425.0,7.0,N
simmoal01,168.0,90.0,N
cepedor01,425.0,152.0,N
davisma01,496.0,1.0,N
lopated01,340.0,2.0,N
wyattwh01,266.0,1.0,N
greenha01,234.0,75.0,N
lazzeto01,234.0,29.0,N
bushjo01,266.0,5.0,N
cravaga01,262.0,2.0,N
hafeych01,226.0,1.0,N
friscfr01,226.0,14.0,N
burdele01,401.0,48.0,N
riceji01,473.0,203.0,N
schalra01,226.0,37.0,N
colboji01,403.0,0.0,N
manushe01,266.0,22.0,N
hardeme01,306.0,14.0,N
bagweje01,569.0,339.0,N
averiea01,251.0,2.0,N
weisswa01,520.0,1.0,N
wheatza01,234.0,30.0,N
bridgto01,269.0,4.0,N
bagweje01,571.0,310.0,N
ruelmu01,234.0,1.0,N
hoopeha01,262.0,4.0,N
rommeed01,121.0,3.0,N
roberro01,380.0,213.0,N
mcinnst01,201.0,1.0,N
mattido01,581.0,79.0,N
drysddo01,401.0,243.0,N
cuyleki01,251.0,35.0,N
daviser01,545.0,3.0,N
meusebo01,121.0,6.0,N
gowdyha01,262.0,8.0,N
ehmkeho01,193.0,8.0,N
brechha01,300.0,3.0,N
burdele01,425.0,96.0,N
mungova01,121.0,1.0,N
lombaer01,193.0,8.0,N
heilmha01,168.0,87.0,N
bunniji01,444.0,257.0,N
mizejo01,283.0,103.0,N
newcodo01,340.0,3.0,N
wilsoha01,153.0,24.0,N
peckiro01,251.0,1.0,N
maranra01,263.0,29.0,N
torrejo01,470.0,50.0,N
kaatji01,460.0,100.0,N
doerrbo01,340.0,62.0,N
scottev01,233.0,1.0,N
schulfr01,201.0,1.0,N
harribu01,264.0,21.0,N
hartnga01,187.0,7.0,N
lemonbo01,396.0,117.0,N
scottev01,264.0,5.0,N
wanerll01,234.0,2.0,N
bradlbi01,201.0,5.0,N
maranra01,274.0,82.0,N
bridgto01,201.0,15.0,N
ruelmu01,168.0,4.0,N
bendech01,161.0,72.0,N
moranpa01,201.0,1.0,N
pruethu01,264.0,1.0,N
blylebe01,520.0,277.0,N
boyerke01,413.0,96.0,N
rizzuph01,380.0,111.0,N
dimagdo01,201.0,12.0,N
ruffire01,269.0,86.0,N
cepedor01,456.0,335.0,N
planked01,262.0,38.0,N
wallabo01,78.0,1.0,N
minosmi01,460.0,66.0,N
rolfere01,264.0,5.0,N
reesepe01,396.0,129.0,N
kindeel01,201.0,3.0,N
mathech01,226.0,205.0,Y
hendeda01,499.0,2.0,N
adamsba01,153.0,5.0,N
dahlebi01,78.0,1.0,N
ferrewe01,121.0,1.0,N
ageeto01,432.0,0.0,N
colliji01,226.0,58.0,N
wanerll01,153.0,3.0,N
pappami01,432.0,5.0,N
holmeto01,266.0,2.0,N
reynoal01,193.0,1.0,N
terrybi01,202.0,31.0,N
bendech01,264.0,104.0,N
campbbi02,423.0,1.0,N
deandi01,187.0,81.0,N
derripa01,193.0,12.0,N
jackstr01,160.0,1.0,N
meusebo01,266.0,5.0,N
osteecl01,415.0,1.0,N
newhoha01,306.0,13.0,N
garvest01,460.0,196.0,N
glaustr01,440.0,0.0,N
camparo01,201.0,138.0,N
slaugen01,283.0,129.0,N
schilcu01,569.0,221.0,N
nettlgr01,473.0,22.0,N
tennefr02,78.0,1.0,N
kleinch01,121.0,3.0,N
thomsbo01,383.0,10.0,N
martipe01,234.0,31.0,N
gordojo01,247.0,1.0,N
lemonbo01,365.0,190.0,N
griffcl01,202.0,73.0,N
pinsova01,427.0,67.0,N
lazzeto01,121.0,21.0,N
daubeja01,78.0,1.0,N
coopewi01,274.0,1.0,N
carribi02,201.0,5.0,N
rixeyep01,266.0,32.0,N
tinkejo01,274.0,12.0,N
brownke01,581.0,12.0,N
allendi01,443.0,59.0,N
ausmubr01,440.0,0.0,N
greenha01,187.0,44.0,N
smithle02,581.0,263.0,N
medwijo01,283.0,240.0,Y
ennisde01,292.0,2.0,N
stengca01,262.0,2.0,N
mccorfr01,283.0,3.0,N
dickebi01,187.0,39.0,N
fitzsfr01,121.0,2.0,N
klingjo01,226.0,8.0,N
schacal01,226.0,4.0,N
wadderu01,233.0,136.0,N
boyercl02,432.0,3.0,N
huggimi01,201.0,5.0,N
burdele01,383.0,85.0,N
boyerke01,362.0,9.0,N
bendech01,201.0,17.0,N
downibr01,473.0,2.0,N
schalra01,121.0,22.0,N
gossari01,543.0,466.0,Y
hafeych01,168.0,4.0,N
mattido01,573.0,102.0,N
garvest01,515.0,176.0,N
allendi01,460.0,72.0,N
klingjo01,233.0,15.0,N
bluegos01,121.0,2.0,N
simmoal01,161.0,6.0,N
blylebe01,543.0,336.0,N
alomaro01,539.0,397.0,N
wilsoji01,264.0,10.0,N
parkeda01,539.0,81.0,N
hennemi01,472.0,0.0,N
wadderu01,226.0,33.0,N
bunniji01,447.0,283.0,N
bondsba01,440.0,195.0,N
haddiha01,396.0,9.0,N
sundbji01,460.0,1.0,N
lockmwh01,302.0,4.0,N
darkal01,383.0,66.0,N
newhoha01,160.0,4.0,N
munsoth01,430.0,32.0,N
gelbech01,153.0,2.0,N
reesepe01,340.0,89.0,N
lazzeto01,153.0,20.0,N
ottme01,168.0,115.0,N
harpeto01,415.0,0.0,N
francju02,569.0,6.0,N
donlimi01,262.0,5.0,N
wrighgl01,193.0,3.0,N
hardeme01,266.0,6.0,N
crawfsa01,262.0,11.0,N
huggimi01,233.0,111.0,N
rixeyep01,262.0,2.0,N
durhara01,571.0,0.0,N
mcgwima01,571.0,63.0,N
hoytwa01,252.0,14.0,N
applilu01,201.0,142.0,N
smithle02,496.0,210.0,N
haddiha01,383.0,7.0,N
boonebr01,581.0,1.0,N
pinielo01,444.0,2.0,N
conceda01,496.0,55.0,N
floodcu01,423.0,36.0,N
marquru01,202.0,6.0,N
faberre01,201.0,3.0,N
minosmi01,443.0,38.0,N
coopewa01,360.0,7.0,N
bergewa01,193.0,1.0,N
lathaar01,262.0,1.0,N
wilheho01,415.0,236.0,N
podrejo01,362.0,3.0,N
blylebe01,497.0,70.0,N
peckiro01,264.0,2.0,N
pizarju01,385.0,0.0,N
harribu01,226.0,9.0,N
nehfar01,201.0,3.0,N
kuennha01,374.0,77.0,N
willsma01,447.0,95.0,N
mazerbi01,403.0,74.0,N
coneda01,539.0,21.0,N
hartnga01,153.0,35.0,N
altroni01,201.0,3.0,N
marisro01,365.0,78.0,N
ferreri01,266.0,1.0,N
mcmulke01,374.0,0.0,N
grimebu01,262.0,1.0,N
osteecl01,401.0,2.0,N
gosligo01,168.0,2.0,N
santoro01,460.0,139.0,N
marisro01,432.0,127.0,N
kleinch01,153.0,9.0,N
hardeme01,302.0,34.0,N
bellja01,539.0,2.0,N
boyerke01,427.0,109.0,N
fieldce01,506.0,1.0,N
snidedu01,379.0,254.0,N
grimmch01,269.0,13.0,N
griffcl01,263.0,82.0,N
sislege01,274.0,235.0,Y
grovele01,202.0,71.0,N
schalra01,252.0,54.0,N
haasmu01,269.0,1.0,N
palmeji01,444.0,411.0,Y
ruelmu01,269.0,9.0,N
adamsba01,264.0,17.0,N
fletcar01,226.0,4.0,N
johnsbo01,193.0,1.0,N
mizejo01,160.0,14.0,N
blylebe01,581.0,463.0,Y
bartedi01,269.0,1.0,N
scottev01,251.0,8.0,N
jacksmi02,539.0,0.0,N
raineti01,539.0,122.0,N
leachto01,274.0,1.0,N
bancrda01,201.0,3.0,N
olivato01,415.0,63.0,N
henrito01,193.0,2.0,N
tinkejo01,263.0,45.0,N
grimebu01,251.0,3.0,N
maranra01,201.0,25.0,N
averiea01,266.0,14.0,N
reesepe01,365.0,141.0,N
vernomi01,396.0,12.0,N
puckeki01,515.0,423.0,Y
kleinch01,168.0,14.0,N
cuyleki01,168.0,11.0,N
meusebo01,201.0,1.0,N
luquedo01,234.0,1.0,N
radboch01,78.0,16.0,N
crawfsa01,274.0,6.0,N
doyleja01,78.0,1.0,N
ehmkeho01,262.0,1.0,N
foxne01,383.0,152.0,N
leonadu02,283.0,5.0,N
willsma01,443.0,61.0,N
faberre01,233.0,1.0,N
bushdo01,247.0,1.0,N
heganji01,292.0,2.0,N
stengca01,274.0,6.0,N
bluevi01,423.0,37.0,N
bakerfr01,121.0,4.0,N
jossad01,233.0,33.0,N
crosefr01,266.0,5.0,N
alexape01,262.0,212.0,Y
hafeych01,266.0,12.0,N
darkal01,379.0,60.0,N
parkeda01,539.0,82.0,N
facero01,444.0,50.0,N
marquru01,262.0,10.0,N
waltebu01,300.0,29.0,N
millebi02,266.0,1.0,N
cronijo01,252.0,85.0,N
wilsoha01,193.0,74.0,N
bondsba01,571.0,198.0,N
wheatza01,233.0,3.0,N
ashburi01,385.0,134.0,N
wilsowi02,499.0,10.0,N
krukomi01,460.0,1.0,N
dimagdo01,269.0,4.0,N
lyonste01,234.0,101.0,N
vernomi01,379.0,66.0,N
kellge01,302.0,29.0,N
maybejo01,427.0,0.0,N
aparilu01,432.0,120.0,N
faberre01,264.0,9.0,N
higgipi01,269.0,3.0,N
guidrro01,456.0,24.0,N
vandejo01,360.0,98.0,N
bondsbo01,413.0,24.0,N
younger01,573.0,1.0,N
henrito01,201.0,13.0,N
gamblos01,443.0,0.0,N
schalra01,187.0,17.0,N
lewisdu01,262.0,5.0,N
larsedo01,383.0,39.0,N
phillde01,202.0,1.0,N
koscoan01,385.0,0.0,N
bandosa01,413.0,3.0,N
ricesa01,121.0,1.0,N
kerrdi01,262.0,3.0,N
johnto01,539.0,171.0,N
kleinch01,193.0,44.0,N
vandejo01,160.0,5.0,N
wilheho01,385.0,209.0,N
mussimi01,440.0,189.0,N
gracema01,539.0,22.0,N
chancfr01,233.0,136.0,N
lindsfr01,269.0,6.0,N
kremera01,266.0,2.0,N
kerrdi01,234.0,9.0,N
niekrph01,473.0,380.0,Y
kleinch01,252.0,11.0,N
bishoma01,266.0,4.0,N
haineje01,269.0,20.0,N
altroni01,269.0,18.0,N
raineti01,571.0,263.0,N
blylebe01,516.0,211.0,N
mageesh01,262.0,2.0,N
lolicmi01,470.0,33.0,N
moranpa01,274.0,1.0,N
covelst01,121.0,2.0,N
cepedor01,413.0,179.0,N
snidedu01,383.0,212.0,N
heilmha01,153.0,59.0,N
ehmkeho01,252.0,4.0,N
hafeych01,153.0,2.0,N
lolicmi01,456.0,23.0,N
marioma01,283.0,89.0,N
ehmkeho01,269.0,12.0,N
marbefi01,266.0,5.0,N
roepr01,360.0,3.0,N
bresnro01,274.0,67.0,N
garvest01,516.0,106.0,N
roberro01,362.0,263.0,N
vandejo01,269.0,31.0,N
bancrda01,266.0,43.0,N
johnto01,460.0,98.0,N
mancugu01,266.0,1.0,N
grissma01,302.0,2.0,N
kleinch01,201.0,56.0,N
tiantlu01,443.0,32.0,N
reesepe01,362.0,154.0,N
justida01,543.0,1.0,N
kuennha01,401.0,93.0,N
williwo02,569.0,0.0,N
courtcl01,292.0,1.0,N
roepr01,283.0,2.0,N
torrejo01,413.0,47.0,N
jordabr01,573.0,0.0,N
mazerbi01,401.0,38.0,N
moorete01,292.0,3.0,N
munsoth01,456.0,31.0,N
reesepe01,388.0,186.0,N
baineha01,581.0,28.0,N
howarel01,427.0,53.0,N
vanceda01,153.0,33.0,N
earnsge01,168.0,2.0,N
fergujo01,447.0,0.0,N
dawsoan01,516.0,270.0,N
valoel01,292.0,2.0,N
reisepe01,269.0,8.0,N
harrebu01,425.0,1.0,N
burkeje01,247.0,2.0,N
biggicr01,569.0,388.0,N
virdobi01,365.0,3.0,N
bottoji01,193.0,42.0,N
maglisa01,283.0,11.0,N
battijo01,78.0,1.0,N
carrocl02,395.0,0.0,N
doylela01,262.0,4.0,N
snowjt01,571.0,2.0,N
lazzeto01,193.0,64.0,N
russeje01,472.0,0.0,N
willicy01,193.0,11.0,N
klingjo01,201.0,20.0,N
tiantlu01,444.0,42.0,N
lowebo01,247.0,2.0,N
frymatr01,543.0,2.0,N
hackst01,193.0,1.0,N
marisro01,383.0,82.0,N
manushe01,269.0,20.0,N
bondsbo01,430.0,40.0,N
gleaski01,247.0,1.0,N
eisenji01,506.0,3.0,N
turneji01,193.0,1.0,N
roushed01,252.0,52.0,N
portebo01,302.0,1.0,N
anderbr01,543.0,0.0,N
luquedo01,274.0,1.0,N
dennyje01,78.0,6.0,N
woodwi01,395.0,16.0,N
palmera01,571.0,25.0,N
foxxji01,161.0,10.0,N
suhrgu01,193.0,1.0,N
cochrmi01,202.0,80.0,N
unserde01,427.0,0.0,N
schacal01,121.0,2.0,N
mcmilro01,380.0,5.0,N
morrija02,539.0,282.0,N
vernomi01,385.0,96.0,N
bellge02,497.0,6.0,N
cramedo01,266.0,2.0,N
boudrlo01,160.0,12.0,N
bancrda01,168.0,9.0,N
jackstr01,251.0,5.0,N
duffyhu01,201.0,7.0,N
traynpi01,202.0,65.0,N
yastrca01,447.0,423.0,Y
heilmha01,201.0,10.0,N
willibi01,425.0,315.0,N
dropowa01,292.0,1.0,N
parkeda01,543.0,82.0,N
decindo01,423.0,2.0,N
tiantlu01,460.0,45.0,N
fitzsfr01,266.0,16.0,N
daultda01,496.0,1.0,N
wilsoha01,251.0,81.0,N
wertzvi01,300.0,2.0,N
gonzami01,168.0,1.0,N
clarkto02,549.0,0.0,N
hermaba01,234.0,3.0,N
traynpi01,161.0,119.0,N
wilsoji01,226.0,2.0,N
kluszte01,379.0,51.0,N
stephri01,269.0,4.0,N
schumha02,121.0,1.0,N
chandsp01,160.0,2.0,N
keefeti01,78.0,1.0,N
fitzsfr01,193.0,3.0,N
mazerbi01,432.0,36.0,N
willicy01,153.0,2.0,N
roushed01,161.0,25.0,N
galaran01,539.0,22.0,N
murphda05,496.0,58.0,N
steinha01,201.0,1.0,N
crigelo01,226.0,7.0,N
coopewi01,234.0,2.0,N
ruckena01,226.0,1.0,N
grimebu01,266.0,71.0,N
trammal01,496.0,70.0,N
hafeych01,193.0,16.0,N
dickebi01,264.0,179.0,N
salmoti01,573.0,5.0,N
seweljo01,193.0,3.0,N
wilsoha01,264.0,43.0,N
gomezle01,251.0,71.0,N
duganjo01,201.0,1.0,N
guidrro01,473.0,37.0,N
thomair01,262.0,1.0,N
erskica01,340.0,4.0,N
staubru01,456.0,36.0,N
smithea02,121.0,1.0,N
rolfere01,234.0,4.0,N
hoopeha01,226.0,3.0,N
longhe01,262.0,1.0,N
edwarha01,269.0,2.0,N
hardeme01,153.0,4.0,N
eversjo01,201.0,44.0,N
grimsro02,427.0,0.0,N
morrija02,515.0,101.0,N
parkeda01,581.0,89.0,N
kaatji01,496.0,130.0,N
duganjo01,262.0,1.0,N
moranpa01,247.0,1.0,N
careyma01,201.0,6.0,N
morrija02,573.0,382.0,N
erskica01,380.0,4.0,N
stephjo03,432.0,0.0,N
stahlja01,262.0,1.0,N
casege01,266.0,1.0,N
tiantlu01,430.0,50.0,N
hermaba01,266.0,13.0,N
shantbo01,380.0,5.0,N
mcgwima01,545.0,128.0,N
murphda02,201.0,1.0,N
bonilbo01,545.0,2.0,N
duganjo01,269.0,8.0,N
evansdw01,497.0,18.0,N
worreto01,496.0,0.0,N
lemonbo01,380.0,177.0,N
bakerfr01,263.0,36.0,N
minosmi01,497.0,73.0,N
allendi01,423.0,70.0,N
santoro01,427.0,108.0,N
newsobo01,380.0,33.0,N
coopemo01,266.0,3.0,N
garvest01,497.0,150.0,N
carribi02,274.0,2.0,N
raineti01,539.0,164.0,N
riceji01,460.0,137.0,N
podrejo01,383.0,3.0,N
matlajo01,447.0,0.0,N
woodjo02,121.0,5.0,N
groatdi01,362.0,4.0,N
southbi01,153.0,7.0,N
simmocu01,365.0,3.0,N
schmimi01,460.0,444.0,Y
tidrodi01,444.0,0.0,N
eckstda01,440.0,2.0,N
rootch01,121.0,3.0,N
loberha01,262.0,1.0,N
reynoal01,365.0,101.0,N
bankser01,383.0,321.0,Y
thomsbo01,362.0,10.0,N
mclaide01,432.0,3.0,N
hernake01,496.0,30.0,N
floydcl01,549.0,0.0,N
ehmkeho01,226.0,1.0,N
coopewa01,380.0,8.0,N
madlobi01,423.0,19.0,N
cepedor01,427.0,199.0,N
stengca01,153.0,3.0,N
vandejo01,283.0,79.0,N
erskica01,360.0,3.0,N
hallabi01,121.0,1.0,N
nehfar01,264.0,4.0,N
blackew01,340.0,11.0,N
schalra01,168.0,16.0,N
newhoha01,201.0,26.0,N
delahed01,78.0,21.0,N
kinerra01,292.0,124.0,N
darkal01,292.0,38.0,N
allenjo02,251.0,1.0,N
collied01,274.0,213.0,Y
brownga01,401.0,1.0,N
samueju01,506.0,2.0,N
deandi01,168.0,85.0,N
gosgeji01,385.0,0.0,N
longhe01,247.0,1.0,N
mcdowja01,516.0,4.0,N
reynoal01,292.0,77.0,N
irwinch01,274.0,1.0,N
ruffire01,153.0,22.0,N
stengca01,226.0,8.0,N
groatdi01,388.0,7.0,N
sheffga01,549.0,64.0,N
hernake01,473.0,51.0,N
groveor01,269.0,7.0,N
reussje01,470.0,2.0,N
johnsra05,549.0,534.0,Y
leachfr01,266.0,2.0,N
woodwi01,403.0,14.0,N
youngro01,187.0,11.0,N
vernomi01,340.0,21.0,N
lazzeto01,187.0,6.0,N
woodjo02,226.0,5.0,N
ruelmu01,202.0,1.0,N
stewada01,472.0,23.0,N
santoro01,395.0,53.0,N
seweljo01,121.0,1.0,N
terrybi01,264.0,191.0,N
snidedu01,300.0,51.0,N
griffke01,473.0,22.0,N
perezto01,470.0,309.0,N
belanma01,427.0,16.0,N
dobyla01,302.0,7.0,N
meltobi01,374.0,0.0,N
haddiha01,432.0,8.0,N
riceji01,499.0,257.0,N
rogerke01,571.0,1.0,N
bresnro01,247.0,133.0,N
slaugen01,379.0,261.0,N
vaughmo01,539.0,6.0,N
kuheljo01,193.0,1.0,N
oeschjo01,121.0,1.0,N
flickel01,262.0,1.0,N
kaatji01,473.0,107.0,N
bakerfr01,202.0,39.0,N
bunniji01,432.0,147.0,N
suttebr01,472.0,238.0,N
maglisa01,201.0,13.0,N
careyma01,262.0,6.0,N
gullibi01,499.0,1.0,N
duganjo01,193.0,1.0,N
munsoth01,443.0,28.0,N
miksied01,201.0,1.0,N
smithle02,539.0,255.0,N
lemonbo01,201.0,3.0,N
alleyge01,432.0,0.0,N
hafeych01,269.0,29.0,N
rizzuph01,302.0,54.0,N
delahed01,226.0,17.0,N
jackstr01,266.0,11.0,N
wynnea01,360.0,240.0,N
alexape01,201.0,125.0,N
huntro01,385.0,0.0,N
keelewi01,274.0,207.0,Y
burkeje01,233.0,4.0,N
donovbi01,262.0,1.0,N
grimmch01,226.0,9.0,N
darkal01,283.0,36.0,N
kellech01,264.0,1.0,N
pinsova01,401.0,18.0,N
quiseda01,470.0,18.0,N
krukjo01,515.0,1.0,N
gustifr01,266.0,3.0,N
daubeja01,251.0,1.0,N
southbi01,168.0,1.0,N
riceji01,496.0,259.0,N
erskica01,396.0,4.0,N
garvest01,473.0,167.0,N
davissp01,121.0,1.0,N
hafeych01,160.0,7.0,N
santoro01,447.0,75.0,N
ashburi01,300.0,11.0,N
kammwi01,266.0,3.0,N
berrayo01,396.0,339.0,Y
coopewa01,383.0,45.0,N
bunniji01,413.0,289.0,N
bancrda01,252.0,10.0,N
howarel01,379.0,41.0,N
murraed02,496.0,423.0,Y
lylesp01,427.0,56.0,N
ehmkeho01,153.0,1.0,N
ruffire01,193.0,97.0,N
dinnebi01,202.0,1.0,N
darkal01,365.0,54.0,N
thomsbo01,380.0,3.0,N
hunteca01,425.0,289.0,N
foxne01,401.0,168.0,N
planked01,202.0,34.0,N
rolfere01,193.0,3.0,N
mulcahu01,121.0,1.0,N
jennihu01,78.0,11.0,N
covelst01,168.0,1.0,N
gomezle01,202.0,4.0,N
vaughar01,193.0,9.0,N
medwijo01,121.0,1.0,N
dimagjo01,247.0,1.0,N
griffcl01,201.0,4.0,N
wilheho01,374.0,243.0,N
coombja01,226.0,1.0,N
coopewa01,365.0,9.0,N
youngro01,161.0,36.0,N
trammal01,539.0,121.0,N
stargwi01,427.0,352.0,Y
newsobo01,360.0,17.0,N
sherdbi01,269.0,2.0,N
schilcu01,549.0,215.0,N
pennohe01,202.0,41.0,N
waltebu01,160.0,5.0,N
murphda05,499.0,116.0,N
burnije01,573.0,0.0,N
sukefcl01,266.0,1.0,N
floodcu01,379.0,8.0,N
ruffire01,234.0,10.0,N
marioma01,269.0,37.0,N
hinchbi01,201.0,1.0,N
hamilbi01,233.0,1.0,N
jennihu01,201.0,4.0,N
kaatji01,470.0,91.0,N
nenro01,543.0,2.0,N
vaughar01,201.0,6.0,N
mizejo01,302.0,81.0,N
vandejo01,201.0,51.0,N
henrito01,234.0,4.0,N
chancfr01,247.0,179.0,N
newsobo01,201.0,1.0,N
mayca01,374.0,0.0,N
cuyleki01,252.0,20.0,N
darkal01,396.0,55.0,N
simmocu01,380.0,5.0,N
eversjo01,274.0,107.0,N
earnsge01,251.0,2.0,N
piazzmi01,440.0,365.0,Y
duffyhu01,247.0,64.0,N
blackew01,300.0,14.0,N
averiea01,234.0,2.0,N
lopezal01,160.0,11.0,N
blackew01,283.0,5.0,N
smithle02,440.0,150.0,N
kressre01,269.0,3.0,N
klingjo01,264.0,1.0,N
chesbja01,202.0,1.0,N
steinte01,516.0,1.0,N
darkal01,340.0,48.0,N
coopewa01,283.0,8.0,N
olerujo01,581.0,4.0,N
willicy01,251.0,3.0,N
brechha01,340.0,2.0,N
henrito01,269.0,10.0,N
willsma01,415.0,91.0,N
koosmje01,443.0,4.0,N
hodgegi01,374.0,237.0,N
ruelmu01,226.0,1.0,N
willsma01,374.0,77.0,N
reynoal01,160.0,15.0,N
bergmo01,266.0,4.0,N
gagneer01,571.0,2.0,N
medicdo01,427.0,0.0,N
steinha01,233.0,1.0,N
hornebo01,456.0,0.0,N
pennohe01,201.0,15.0,N
raineti01,581.0,218.0,N
wrighgl01,251.0,4.0,N
dobsopa01,374.0,0.0,N
youngro01,251.0,48.0,N
newcodo01,360.0,8.0,N
rusieam01,201.0,1.0,N
hearnji01,292.0,1.0,N
olivato01,456.0,158.0,N
cashda01,425.0,2.0,N
raderdo02,374.0,0.0,N
johnto01,545.0,125.0,N
youngro01,153.0,20.0,N
trammal01,520.0,92.0,N
marioma01,396.0,120.0,N
clarkfr01,274.0,59.0,N
singlke01,444.0,0.0,N
dyeje01,549.0,0.0,N
collied01,226.0,60.0,N
walkela01,581.0,118.0,N
riceji01,520.0,337.0,N
riceji01,473.0,178.0,N
kellech01,300.0,7.0,N
pinsova01,447.0,33.0,N
smithle02,516.0,200.0,N
chancfr01,274.0,158.0,N
harribu01,153.0,11.0,N
mageesh01,226.0,2.0,N
grossgr01,460.0,0.0,N
simmoal01,187.0,76.0,N
ricesa01,226.0,1.0,N
nehfar01,153.0,1.0,N
rixeyep01,153.0,4.0,N
saxst01,499.0,2.0,N
piazzmi01,549.0,384.0,N
bendech01,274.0,40.0,N
rixeyep01,168.0,6.0,N
hoytwa01,121.0,7.0,N
galanau01,283.0,2.0,N
hernake01,497.0,34.0,N
woodjo02,161.0,29.0,N
vanceda01,247.0,18.0,N
morrija02,520.0,214.0,N
pennohe01,121.0,94.0,Y
wheatza01,153.0,15.0,N
mcaleji01,78.0,1.0,N
daviscu01,266.0,1.0,N
hoytwa01,233.0,1.0,N
casege01,269.0,1.0,N
hoytwa01,234.0,12.0,N
wallabo01,247.0,3.0,N
rhoderi01,460.0,0.0,N
pinsova01,456.0,46.0,N
cravaga01,201.0,2.0,N
donovbi01,247.0,3.0,N
wheatza01,264.0,32.0,N
vandejo01,266.0,35.0,N
scottev01,168.0,3.0,N
bondsba01,569.0,206.0,N
heilmha01,226.0,153.0,N
davalvi01,425.0,0.0,N
boudrlo01,269.0,35.0,N
jorgemi01,443.0,1.0,N
rixeyep01,269.0,142.0,N
mcgwima01,549.0,55.0,N
lathaar01,233.0,1.0,N
riceji01,543.0,392.0,N
freehbi01,415.0,2.0,N
flanami01,473.0,2.0,N
yorkru01,201.0,10.0,N
munsoth01,444.0,33.0,N
munsoth01,401.0,62.0,N
irwinch01,262.0,1.0,N
mcgwima01,543.0,128.0,N
colliji01,262.0,79.0,N
chambch01,456.0,0.0,N
schalra01,251.0,113.0,N
terrybi01,153.0,81.0,N
olivato01,395.0,114.0,N
lombaer01,269.0,6.0,N
marquru01,234.0,9.0,N
grimebu01,168.0,6.0,N
roushed01,269.0,146.0,N
grohhe01,247.0,1.0,N
clemero02,440.0,199.0,N
wynnea01,340.0,95.0,N
newsobo01,302.0,25.0,N
combsea01,274.0,3.0,N
kellge01,380.0,114.0,N
colliji01,247.0,121.0,N
wertzvi01,388.0,5.0,N
perezto01,456.0,263.0,N
motama01,427.0,18.0,N
jackstr01,153.0,6.0,N
perezto01,460.0,259.0,N
roepr01,269.0,1.0,N
schalra01,226.0,4.0,N
terrybi01,161.0,46.0,N
coopece01,423.0,0.0,N
vanceda01,264.0,150.0,N
jacksjo01,226.0,2.0,N
faberre01,274.0,3.0,N
bondsbo01,444.0,30.0,N
mccorfr01,193.0,3.0,N
rosepe01,456.0,19.0,N
gossari01,499.0,166.0,N
breitte01,201.0,1.0,N
tiantlu01,427.0,132.0,N
kluszte01,401.0,56.0,N
reynoal01,396.0,105.0,N
loducpa01,571.0,0.0,N
henrito01,340.0,50.0,N
meadole01,266.0,2.0,N
staubru01,473.0,18.0,N
robinwi01,262.0,17.0,N
frymawo01,447.0,0.0,N
lombaer01,168.0,3.0,N
jennihu01,274.0,33.0,N
ofarrbo01,266.0,3.0,N
bakerdu01,430.0,4.0,N
culpra01,432.0,0.0,N
kremera01,121.0,1.0,N
darliro01,515.0,1.0,N
deandi01,121.0,40.0,N
millebi02,269.0,6.0,N
ewingbu01,78.0,39.0,N
haineje01,264.0,4.0,N
gowdyha01,274.0,4.0,N
caseyse01,571.0,0.0,N
mckecbi01,202.0,2.0,N
jonescl01,415.0,0.0,N
jenseja01,283.0,3.0,N
keelewi01,201.0,115.0,N
whiteha01,269.0,4.0,N
haineje01,252.0,6.0,N
manushe01,153.0,1.0,N
broutda01,78.0,2.0,N
applilu01,160.0,48.0,N
sewelri01,266.0,1.0,N
killeha01,415.0,246.0,N
butlebr01,496.0,2.0,N
lonboji01,395.0,3.0,N
schalra01,233.0,53.0,N
hermaba01,226.0,1.0,N
hartnga01,226.0,0.0,N
whitewi01,383.0,4.0,N
grimebu01,153.0,8.0,N
motama01,447.0,9.0,N
johnto01,499.0,135.0,N
marbefi01,168.0,1.0,N
kisonbr01,443.0,0.0,N
lyonste01,226.0,71.0,N
kuzavbo01,201.0,1.0,N
downial01,374.0,0.0,N
crandde01,383.0,8.0,N
heilmha01,234.0,203.0,Y
darkal01,302.0,17.0,N
kerrdi01,252.0,13.0,N
bellbu01,460.0,8.0,N
coaklan01,262.0,1.0,N
matheed01,388.0,189.0,N
yountro01,497.0,385.0,Y
pascuca02,383.0,3.0,N
doylela01,201.0,2.0,N
blairpa01,425.0,8.0,N
galanau01,300.0,3.0,N
heilmha01,121.0,40.0,N
vernomi01,360.0,12.0,N
schoere01,300.0,97.0,N
newcodo01,383.0,43.0,N
lawve01,432.0,9.0,N
biggicr01,571.0,427.0,N
gordojo01,302.0,31.0,N
pruethu01,226.0,1.0,N
gibsoki01,515.0,13.0,N
conceda01,499.0,67.0,N
dawsoan01,545.0,309.0,N
bottoji01,264.0,10.0,N
fellebo01,160.0,150.0,Y
lemonbo01,388.0,305.0,Y
ruffire01,168.0,12.0,N
jackstr01,193.0,14.0,N
dimagjo01,252.0,175.0,N
gehrich01,247.0,10.0,N
kinerra01,300.0,167.0,N
fletcar01,274.0,1.0,N
lowenjo01,443.0,1.0,N
griffcl01,247.0,108.0,N
brownmo01,262.0,54.0,N
bicheda01,545.0,3.0,N
burkeje01,202.0,2.0,N
gordojo01,340.0,97.0,N
seweljo01,252.0,1.0,N
cavarph01,365.0,61.0,N
sainjo01,362.0,123.0,N
krausle02,385.0,0.0,N
garvest01,545.0,115.0,N
walketo04,569.0,0.0,N
ferrewe01,269.0,8.0,N
raschvi01,380.0,7.0,N
martipe01,201.0,19.0,N
westsa01,121.0,1.0,N
mattido01,539.0,87.0,N
hallabi01,269.0,2.0,N
griffcl01,262.0,10.0,N
bushdo01,264.0,1.0,N
dykesji01,160.0,6.0,N
wrighge01,78.0,6.0,N
hermabi01,121.0,1.0,N
faberre01,193.0,34.0,N
gonzami01,234.0,1.0,N
ferrewe01,266.0,9.0,N
ofarrbo01,168.0,4.0,N
aparilu01,415.0,174.0,N
smithea02,193.0,1.0,N
moonwa01,360.0,2.0,N
keelewi01,262.0,177.0,N
hershor01,520.0,58.0,N
piazzmi01,569.0,329.0,N
deandi01,161.0,88.0,N
luquedo01,168.0,1.0,N
facero01,413.0,78.0,N
boggswa01,516.0,474.0,Y
cartega01,497.0,168.0,N
berrayo01,360.0,242.0,N
becklja01,78.0,1.0,N
bendech01,234.0,70.0,N
lemonbo01,201.0,24.0,N
grimmch01,202.0,1.0,N
kuennha01,413.0,144.0,N
reesepe01,383.0,163.0,N
granted01,274.0,2.0,N
camparo01,340.0,270.0,Y
karroer01,539.0,2.0,N
brownmo01,201.0,31.0,N
suttodo01,470.0,300.0,N
lowebo01,78.0,1.0,N
brechha01,396.0,5.0,N
schaege01,233.0,1.0,N
derripa01,226.0,1.0,N
kellge01,283.0,47.0,N
faberre01,168.0,9.0,N
hutchfr01,160.0,1.0,N
ricesa01,262.0,1.0,N
luquedo01,269.0,4.0,N
ruelmu01,193.0,16.0,N
bunniji01,401.0,164.0,N
bishoma01,193.0,1.0,N
dykesji01,121.0,5.0,N
boyerke01,388.0,15.0,N
boyerke01,383.0,14.0,N
simmoal01,264.0,199.0,Y
marisro01,415.0,69.0,N
odoulle01,266.0,27.0,N
mazerbi01,447.0,134.0,N
donlimi01,201.0,6.0,N
odoulle01,193.0,5.0,N
brownmo01,202.0,56.0,N
judgejo01,201.0,1.0,N
terrybi01,252.0,195.0,Y
saberbr01,545.0,7.0,N
foxxji01,187.0,89.0,N
kellech01,193.0,2.0,N
lankfra01,539.0,0.0,N
hernake01,515.0,41.0,N
newhoha01,365.0,73.0,N
wadderu01,202.0,122.0,N
frasech01,274.0,1.0,N
knighra01,456.0,1.0,N
hernaro01,569.0,0.0,N
barrji01,447.0,0.0,N
terrybi01,274.0,16.0,N
steinha01,274.0,1.0,N
ashburi01,432.0,130.0,N
boccajo01,385.0,0.0,N
hernake01,472.0,29.0,N
kneppbo01,470.0,0.0,N
newcodo01,292.0,18.0,N
olearch01,266.0,1.0,N
manushe01,160.0,15.0,N
furilca01,300.0,2.0,N
trammal01,472.0,74.0,N
suttebr01,506.0,301.0,N
mcdougi01,302.0,5.0,N
fernaal01,520.0,0.0,N
glassja01,78.0,2.0,N
schoere01,388.0,129.0,N
kluszte01,292.0,9.0,N
burdele01,413.0,96.0,N
maranra01,161.0,91.0,N
roushed01,264.0,32.0,N
mizejo01,340.0,116.0,N
lyonste01,247.0,4.0,N
garvest01,470.0,175.0,N
coopewi01,226.0,1.0,N
reesepe01,306.0,16.0,N
donlimi01,274.0,5.0,N
fonsele01,168.0,2.0,N
speiech01,460.0,1.0,N
phillde01,247.0,2.0,N
fernasi01,496.0,2.0,N
bancrda01,193.0,15.0,N
hickmji02,385.0,1.0,N
mcveyca01,78.0,1.0,N
mattido01,545.0,54.0,N
doerrbo01,201.0,24.0,N
youngro01,262.0,40.0,N
mccorfr01,160.0,1.0,N
aurilri01,549.0,0.0,N
greensh01,569.0,2.0,N
kluszte01,362.0,33.0,N
lombaer01,201.0,9.0,N
hafeych01,234.0,1.0,N
mcgrifr01,569.0,118.0,N
tenacge01,447.0,1.0,N
burdele01,432.0,53.0,N
derripa01,251.0,1.0,N
medwijo01,201.0,130.0,N
anderga01,440.0,1.0,N
bakerfr01,201.0,13.0,N
torrejo01,456.0,53.0,N
riceji01,545.0,346.0,N
peitzhe01,274.0,1.0,N
welchbo01,499.0,1.0,N
careyma01,226.0,27.0,N
bondsbo01,427.0,27.0,N
dawsoan01,539.0,361.0,N
huggimi01,121.0,4.0,N
hardeme01,264.0,8.0,N
foxxji01,168.0,103.0,N
delahed01,247.0,111.0,N
mcbriba01,447.0,0.0,N
mussimi01,549.0,135.0,N
foxne01,360.0,39.0,N
suttebr01,456.0,109.0,N
mcgwima01,573.0,112.0,N
morrija02,506.0,133.0,N
snidedu01,362.0,129.0,N
rizzuph01,193.0,1.0,N
longhe01,78.0,15.0,N
dunnja01,247.0,1.0,N
sanguma01,425.0,2.0,N
alouma01,385.0,5.0,N
berryke01,401.0,0.0,N
burdele01,415.0,43.0,N
chandsp01,193.0,1.0,N
burdele01,374.0,43.0,N
allendi01,456.0,66.0,N
lolicmi01,430.0,45.0,N
berrych02,251.0,1.0,N
cepedor01,374.0,59.0,N
allendi01,473.0,79.0,N
brownmo01,263.0,48.0,N
dentbu01,444.0,3.0,N
lewisdu01,234.0,11.0,N
longhe01,201.0,1.0,N
newhoha01,283.0,67.0,N
fletcar01,262.0,3.0,N
sainjo01,283.0,7.0,N
summech01,444.0,0.0,N
mcnalda01,425.0,12.0,N
bluevi01,460.0,26.0,N
youngcy01,78.0,32.0,N
willimi02,496.0,0.0,N
lylesp01,444.0,25.0,N
kluszte01,283.0,14.0,N
cronijo01,161.0,6.0,N
chaseha01,201.0,18.0,N
henrito01,283.0,22.0,N
heilmha01,262.0,14.0,N
suttodo01,460.0,264.0,N
fitzsfr01,168.0,1.0,N
paganjo01,432.0,0.0,N
doerrbo01,360.0,78.0,N
allisdo01,78.0,1.0,N
lazzeto01,251.0,66.0,N
martiti02,581.0,6.0,N
munsoth01,415.0,26.0,N
zachrpa01,443.0,0.0,N
niekrjo01,456.0,6.0,N
edmonji01,440.0,11.0,N
grimebu01,193.0,25.0,N
moranpa01,262.0,1.0,N
jonesto02,571.0,0.0,N
carrach01,302.0,1.0,N
minosmi01,473.0,84.0,N
bladera01,269.0,1.0,N
mcginjo01,201.0,12.0,N
smithle02,506.0,185.0,N
greenmi01,472.0,2.0,N
barryja01,274.0,1.0,N
newcodo01,302.0,7.0,N
thomafr04,571.0,478.0,Y
dickebi01,168.0,78.0,N
pruethu01,234.0,1.0,N
fosteed02,262.0,2.0,N
youngro01,193.0,19.0,N
grantmu01,379.0,0.0,N
rayjo01,470.0,0.0,N
kuennha01,383.0,57.0,N
buhneja01,545.0,1.0,N
pinsova01,413.0,48.0,N
wittmi01,497.0,0.0,N
kuennha01,427.0,168.0,N
kuennha01,432.0,63.0,N
seymocy01,247.0,1.0,N
hodgegi01,383.0,224.0,N
snidedu01,385.0,333.0,Y
bladera01,266.0,1.0,N
percitr01,549.0,4.0,N
walshed01,262.0,110.0,N
suttodo01,473.0,386.0,Y
cronijo01,187.0,16.0,N
drysddo01,388.0,114.0,N
sewellu01,266.0,3.0,N
rizzuph01,365.0,111.0,N
rootch01,247.0,1.0,N
kinerra01,362.0,273.0,Y
perryji01,374.0,7.0,N
fletcar01,121.0,3.0,N
bodiepi01,201.0,2.0,N
ricesa01,266.0,90.0,N
schoere01,362.0,94.0,N
camparo01,292.0,204.0,N
sheffga01,440.0,51.0,N
wheatza01,247.0,2.0,N
harribu01,262.0,1.0,N
clarkwi02,520.0,23.0,N
minosmi01,340.0,6.0,N
gleaski01,201.0,1.0,N
youngro01,202.0,25.0,N
cuyleki01,160.0,31.0,N
kressre01,266.0,1.0,N
schilcu01,440.0,230.0,N
honeyri01,496.0,2.0,N
conceda01,473.0,60.0,N
mcgeewi01,516.0,26.0,N
vernomi01,365.0,27.0,N
burkeje01,78.0,1.0,N
rommeed01,168.0,1.0,N
marquru01,226.0,3.0,N
simmoal01,234.0,141.0,N
dykesji01,266.0,26.0,N
oneilst01,264.0,13.0,N
terrybi01,226.0,148.0,N
cuyleki01,269.0,72.0,N
stiebda01,506.0,7.0,N
clarkfr01,78.0,9.0,N
gossari01,506.0,206.0,N
mcginjo01,247.0,44.0,N
staubru01,470.0,24.0,N
doerrbo01,283.0,48.0,N
guilloz01,520.0,5.0,N
archeji01,201.0,6.0,N
davisto02,415.0,5.0,N
kennejo03,385.0,0.0,N
bresnro01,233.0,57.0,N
hodgegi01,362.0,188.0,N
sandere02,569.0,0.0,N
bancrda01,269.0,30.0,N
judgejo01,262.0,2.0,N
tiantlu01,515.0,63.0,N
walshed01,263.0,106.0,N
lombaer01,160.0,5.0,N
wagnebi02,440.0,46.0,N
dykesji01,168.0,2.0,N
fletcar01,168.0,1.0,N
murphda05,569.0,106.0,N
friscfr01,274.0,26.0,N
guidrro01,515.0,27.0,N
bagweje01,549.0,306.0,N
southbi01,264.0,2.0,N
uhlege01,269.0,4.0,N
boonebo01,473.0,28.0,N
trammal01,543.0,99.0,N
pinsova01,395.0,19.0,N
cramedo01,193.0,4.0,N
maranra01,226.0,110.0,N
marioma01,360.0,123.0,N
lajoina01,226.0,146.0,N
slaugen01,365.0,145.0,N
ruffire01,226.0,9.0,N
waltebu01,168.0,4.0,N
grovele01,263.0,61.0,N
richabo01,380.0,2.0,N
morrija02,545.0,202.0,N
milancl01,251.0,6.0,N
mitchke01,506.0,2.0,N
rizzuph01,292.0,71.0,N
colavro01,362.0,1.0,N
danniha01,266.0,1.0,N
willicy01,269.0,11.0,N
schreos01,262.0,2.0,N
gomezle01,269.0,51.0,N
walkedi02,340.0,9.0,N
yerkest02,247.0,1.0,N
hunteca01,395.0,212.0,N
hernake01,506.0,22.0,N
willsma01,379.0,115.0,N
mizejo01,292.0,89.0,N
ricesa01,251.0,28.0,N
mcgwima01,440.0,54.0,N
klingjo01,247.0,12.0,N
delahed01,262.0,132.0,N
torrejo01,460.0,50.0,N
larsedo01,413.0,30.0,N
coopewi01,252.0,7.0,N
youngro01,252.0,34.0,N
crawfsa01,233.0,2.0,N
mungova01,266.0,2.0,N
nolanga01,374.0,0.0,N
willsma01,385.0,146.0,N
foxne01,388.0,174.0,N
gowdyha01,193.0,49.0,N
wambsbi01,168.0,1.0,N
fonsele01,269.0,3.0,N
cochrmi01,274.0,28.0,N
hraboal01,427.0,1.0,N
dinnebi01,193.0,1.0,N
sistisi01,269.0,1.0,N
mcinnst01,274.0,4.0,N
woodjo02,262.0,6.0,N
boutoji01,403.0,3.0,N
duganjo01,121.0,3.0,N
goltzda01,447.0,0.0,N
heilmha01,187.0,52.0,N
cuyleki01,226.0,8.0,N
bendech01,168.0,6.0,N
tinkejo01,233.0,36.0,N
giustda01,374.0,1.0,N
shockur01,274.0,1.0,N
stearjo01,444.0,0.0,N
crawfsa01,201.0,5.0,N
slaugen01,380.0,145.0,N
cuellmi01,374.0,0.0,N
wanerpa01,234.0,195.0,Y
lopesda01,423.0,2.0,N
santoro01,385.0,15.0,N
kerrdi01,251.0,25.0,N
grissma02,581.0,4.0,N
cedence01,430.0,2.0,N
mcginjo01,233.0,59.0,N
mcnalda01,401.0,5.0,N
rizzuph01,201.0,11.0,N
ricesa01,269.0,143.0,N
wanerpa01,187.0,63.0,N
mcgratu01,444.0,6.0,N
hoopeha01,121.0,2.0,N
gowdyha01,226.0,26.0,N
knowlda01,425.0,0.0,N
murphda05,573.0,83.0,N
surhobj01,581.0,2.0,N
burdele01,362.0,11.0,N
northji01,401.0,1.0,N
sewellu01,121.0,1.0,N
rueteki01,581.0,0.0,N
youngro01,226.0,10.0,N
gomezle01,160.0,20.0,N
vealebo01,385.0,0.0,N
scottev01,274.0,1.0,N
suttebr01,473.0,147.0,N
boonebo01,473.0,26.0,N
wanerll01,269.0,22.0,N
gosligo01,251.0,7.0,N
wilheho01,403.0,290.0,N
bridgto01,302.0,16.0,N
colliji01,201.0,66.0,N
bendech01,247.0,40.0,N
ehmkeho01,266.0,7.0,N
willsma01,401.0,163.0,N
paborch01,78.0,1.0,N
gosligo01,160.0,14.0,N
wanerll01,168.0,1.0,N
newcodo01,380.0,11.0,N
simmoal01,121.0,60.0,N
bakerfr01,161.0,49.0,N
houttar01,201.0,2.0,N
sullibi03,226.0,0.0,N
theveto01,168.0,2.0,N
walkela01,569.0,123.0,N
gonzami01,264.0,1.0,N
quinnja01,193.0,1.0,N
jonesfi01,202.0,1.0,N
wheatza01,252.0,33.0,N
cadorle01,121.0,1.0,N
pepitjo01,432.0,0.0,N
southbi01,202.0,1.0,N
schreos01,201.0,2.0,N
murphda05,539.0,63.0,N
kentje01,571.0,87.0,N
roushed01,121.0,17.0,N
mayswi01,432.0,409.0,Y
kluszte01,396.0,10.0,N
selkige01,234.0,1.0,N
smithle02,545.0,217.0,N
munsoth01,425.0,35.0,N
nehfar01,234.0,3.0,N
maranra01,168.0,66.0,N
quinnja01,269.0,2.0,N
sutclri01,499.0,9.0,N
wheatza01,262.0,7.0,N
willima04,539.0,7.0,N
foxxji01,153.0,85.0,N
gomezle01,121.0,16.0,N
gordojo01,201.0,1.0,N
ricesa01,234.0,1.0,N
newhoha01,396.0,92.0,N
santoro01,430.0,136.0,N
lopezja01,573.0,1.0,N
reesepe01,292.0,89.0,N
wadderu01,263.0,87.0,N
vanceda01,226.0,70.0,N
campabe01,447.0,14.0,N
vanceda01,252.0,158.0,N
durocle01,153.0,1.0,N
dahlebi01,262.0,1.0,N
sherdbi01,264.0,1.0,N
newsobo01,306.0,6.0,N
howarel01,432.0,30.0,N
lombaer01,226.0,3.0,N
howarel01,395.0,54.0,N
faberre01,160.0,30.0,N
cummica01,78.0,0.0,N
johnsbo01,121.0,1.0,N
sandesc02,472.0,0.0,N
hodgegi01,365.0,198.0,N
burkeje01,201.0,1.0,N
archeji01,262.0,7.0,N
santoro01,425.0,64.0,N
vanceda01,187.0,15.0,N
knabeot01,202.0,1.0,N
walkela01,571.0,58.0,N
mostijo01,193.0,1.0,N
kellyge01,160.0,1.0,N
sherdbi01,266.0,2.0,N
allendi01,413.0,55.0,N
larsedo01,385.0,31.0,N
hackst01,121.0,2.0,N
fordwh01,365.0,284.0,Y
doerrbo01,193.0,5.0,N
vanceda01,274.0,15.0,N
slaugen01,362.0,177.0,N
boyerke01,425.0,95.0,N
gowdyha01,252.0,51.0,N
doerrbo01,269.0,15.0,N
grohhe01,252.0,1.0,N
randowi01,473.0,5.0,N
grimebu01,269.0,92.0,N
kinerra01,365.0,215.0,N
floodcu01,460.0,59.0,N
mageesh01,247.0,1.0,N
tinkejo01,201.0,15.0,N
hartnga01,226.0,57.0,N
adamssp01,269.0,1.0,N
cuccito01,193.0,1.0,N
lowelmi01,440.0,0.0,N
larsedo01,403.0,25.0,N
tiantlu01,447.0,47.0,N
hartnga01,251.0,195.0,Y
mcgrifr01,549.0,71.0,N
millafe01,374.0,1.0,N
koufasa01,396.0,344.0,Y
terrybi01,121.0,52.0,N
adamsba01,202.0,6.0,N
terrybi01,187.0,48.0,N
wilsoha01,252.0,48.0,N
perezto01,473.0,321.0,N
lewisdu01,251.0,34.0,N
ruffire01,187.0,4.0,N
applilu01,193.0,14.0,N
ellioju01,266.0,1.0,N
huggimi01,202.0,129.0,N
howarel01,425.0,51.0,N
kentje01,440.0,73.0,N
gaettga01,520.0,4.0,N
maricju01,401.0,233.0,N
cuyleki01,264.0,18.0,N
elliobo01,160.0,1.0,N
peckiro01,252.0,1.0,N
peckiro01,262.0,2.0,N
kellech01,396.0,24.0,N
sainjo01,160.0,1.0,N
bottoji01,269.0,89.0,N
vaughar01,269.0,10.0,N
palmera01,581.0,64.0,N
traynpi01,226.0,16.0,N
bottoji01,153.0,8.0,N
nichoki01,233.0,5.0,N
comisch01,78.0,6.0,N
nehfar01,262.0,5.0,N
burnsge01,201.0,3.0,N
cavarph01,380.0,73.0,N
gowdyha01,168.0,6.0,N
ruffire01,251.0,60.0,N
cochrmi01,263.0,65.0,N
kaatji01,515.0,135.0,N
floodcu01,383.0,16.0,N
kuennha01,425.0,144.0,N
dierkla01,374.0,0.0,N
mcgresc01,456.0,0.0,N
cavarph01,396.0,61.0,N
schaege01,264.0,1.0,N
lopezal01,201.0,34.0,N
dykesji01,234.0,5.0,N
benitar01,571.0,1.0,N
torboje01,432.0,0.0,N
mcdougi01,283.0,4.0,N
hoytwa01,266.0,37.0,N
rommeed01,234.0,2.0,N
mcginjo01,262.0,36.0,N
crigelo01,201.0,16.0,N
waltebu01,201.0,8.0,N
combsea01,264.0,3.0,N
averiea01,269.0,11.0,N
lonboji01,425.0,3.0,N
maxvida01,401.0,0.0,N
lombaer01,292.0,43.0,N
tolanbo01,395.0,0.0,N
cruiswa01,262.0,1.0,N
cartega01,473.0,200.0,N
perduhu01,262.0,1.0,N
woodjo02,168.0,1.0,N
larsedo01,427.0,31.0,N
lopated01,396.0,2.0,N
mazerbi01,413.0,125.0,N
marisro01,427.0,184.0,N
bluevi01,456.0,14.0,N
perryga01,447.0,304.0,N
reesepe01,380.0,126.0,N
mesajo01,569.0,0.0,N
gossari01,496.0,209.0,N
willsma01,432.0,166.0,N
virdobi01,362.0,1.0,N
adamsba01,247.0,7.0,N
gelbech01,168.0,1.0,N
derripa01,269.0,8.0,N
erstada01,549.0,1.0,N
gosligo01,269.0,30.0,N
peckiro01,274.0,1.0,N
southbi01,234.0,1.0,N
walkela01,573.0,131.0,N
torrejo01,395.0,44.0,N
kilroma01,78.0,1.0,N
musiast01,340.0,317.0,Y
thomsbo01,306.0,1.0,N
conceda01,506.0,57.0,N
vernomi01,292.0,14.0,N
wertzvi01,380.0,2.0,N
kinerra01,360.0,212.0,N
vaughgr01,539.0,0.0,N
murphda02,247.0,1.0,N
hoytwa01,202.0,1.0,N
casanpa01,385.0,0.0,N
wertzvi01,362.0,5.0,N
longhe01,202.0,1.0,N
sislege01,262.0,179.0,N
jackstr01,252.0,1.0,N
seweljo01,269.0,23.0,N
fonsele01,266.0,3.0,N
dunnja01,233.0,1.0,N
bridgto01,193.0,3.0,N
porteda02,423.0,0.0,N
newsobo01,269.0,6.0,N
menkede01,385.0,0.0,N
spaldal01,78.0,4.0,N
spahnwa01,380.0,316.0,Y
moseswa01,340.0,4.0,N
stephri01,266.0,1.0,N
jackstr01,264.0,2.0,N
trammal01,545.0,73.0,N
lolicmi01,425.0,86.0,N
clemero02,571.0,202.0,N
greenha01,247.0,3.0,N
cartega01,515.0,334.0,N
larsedo01,388.0,47.0,N
cochrmi01,226.0,80.0,N
davisha01,202.0,2.0,N
ruckena01,274.0,13.0,N
boddimi01,497.0,0.0,N
gowdyha01,233.0,8.0,N
kerrdi01,226.0,3.0,N
otisam01,444.0,0.0,N
perryga01,444.0,320.0,N
wambsbi01,233.0,1.0,N
wadderu01,262.0,148.0,N
dinnebi01,274.0,7.0,N
hargrbu01,266.0,1.0,N
crosefr01,283.0,15.0,N
heilmha01,233.0,4.0,N
medwijo01,266.0,50.0,N
rijojo01,543.0,0.0,N
cepedor01,401.0,77.0,N
mcauldi01,401.0,0.0,N
clarkja01,473.0,7.0,N
adamsba01,121.0,4.0,N
mclaide01,379.0,1.0,N
chesbja01,201.0,1.0,N
delgaca01,549.0,21.0,N
medwijo01,201.0,108.0,N
conceda01,516.0,55.0,N
mantlmi01,365.0,322.0,Y
mckecbi01,226.0,8.0,N
vaughar01,292.0,46.0,N
higgibo02,581.0,0.0,N
dunnja01,202.0,1.0,N
minosmi01,470.0,62.0,N
tiantlu01,456.0,42.0,N
bergema01,201.0,2.0,N
pinsova01,415.0,6.0,N
truckvi01,201.0,4.0,N
altroni01,193.0,1.0,N
severha01,121.0,1.0,N
hallabi01,266.0,1.0,N
ruthba01,226.0,215.0,Y
hargrmi01,443.0,1.0,N
bakerfr01,226.0,1.0,N
woodjo02,202.0,5.0,N
allendi01,395.0,28.0,N
hundlra01,374.0,0.0,N
pinsova01,430.0,36.0,N
olivato01,443.0,160.0,N
chancfr01,262.0,133.0,N
morrija02,516.0,172.0,N
combsea01,121.0,6.0,N
bennech01,78.0,3.0,N
murrare01,201.0,1.0,N
murphda05,520.0,56.0,N
riceji01,515.0,298.0,N
torgeea01,292.0,2.0,N
jurgebi01,266.0,1.0,N
boyerke01,456.0,54.0,N
kellech01,360.0,14.0,N
wheatza01,202.0,6.0,N
jacksjo01,202.0,2.0,N
haineje01,161.0,1.0,N
shockur01,121.0,1.0,N
altroni01,266.0,20.0,N
leibrch01,497.0,0.0,N
howear01,443.0,0.0,N
hearnji01,302.0,1.0,N
tudorjo01,470.0,2.0,N
hartnga01,264.0,104.0,N
seweljo01,201.0,1.0,N
mcraeha01,423.0,0.0,N
newsobo01,160.0,3.0,N
vanceda01,121.0,23.0,N
hermabi01,201.0,9.0,N
mcmilro01,396.0,9.0,N
henrito01,264.0,10.0,N
cardele01,401.0,1.0,N
conceda01,497.0,59.0,N
bolinbo01,432.0,0.0,N
snidedu01,388.0,159.0,N
klingjo01,262.0,26.0,N
larsedo01,401.0,33.0,N
mcmahdo02,385.0,1.0,N
slaugen01,360.0,165.0,N
terrybi01,234.0,155.0,N
raschvi01,396.0,4.0,N
rixeyep01,234.0,3.0,N
cronijo01,226.0,44.0,N
pennohe01,262.0,37.0,N
donovbi01,202.0,4.0,N
roushed01,274.0,8.0,N
wambsbi01,252.0,4.0,N
doerrbo01,266.0,25.0,N
rolfere01,269.0,10.0,N
hackst01,266.0,6.0,N
sandbry01,516.0,393.0,Y
olivato01,447.0,135.0,N
bresnro01,226.0,47.0,N
boonebo01,470.0,36.0,N
doerrbo01,264.0,2.0,N
rizzuph01,388.0,149.0,N
streega01,262.0,1.0,N
newhoha01,340.0,82.0,N
mcdowsa01,401.0,0.0,N
parkeda01,497.0,80.0,N
vernomi01,283.0,22.0,N
rojasco01,374.0,0.0,N
dimagjo01,264.0,117.0,N
mcinnst01,121.0,5.0,N
adamsba01,233.0,11.0,N
gomezle01,252.0,38.0,N
jenseja01,292.0,3.0,N
johnto01,496.0,116.0,N
kaatji01,472.0,109.0,N
baineha01,539.0,32.0,N
torrejo01,447.0,40.0,N
mageesh01,233.0,1.0,N
bushdo01,274.0,2.0,N
colemvi01,496.0,3.0,N
clarkfr01,201.0,22.0,N
penato01,496.0,2.0,N
wrighgl01,264.0,3.0,N
mizejo01,269.0,45.0,N
hardeme01,226.0,1.0,N
oneilst01,153.0,6.0,N
ashburi01,388.0,85.0,N
sainjo01,396.0,21.0,N
rudijo01,427.0,0.0,N
ruffire01,306.0,266.0,Y
wardjo01,78.0,3.0,N
maranra01,202.0,50.0,N
hattogr01,302.0,4.0,N
moseswa01,300.0,5.0,N
boleyjo01,233.0,1.0,N
careyma01,121.0,9.0,N
waltebu01,269.0,19.0,N
siebeso01,415.0,0.0,N
sislege01,226.0,77.0,N
speaktr01,226.0,133.0,N
casege01,201.0,2.0,N
beaumgi01,233.0,1.0,N
martipe02,549.0,500.0,Y
ruffire01,201.0,184.0,N
guidrro01,472.0,23.0,N
gordoto01,549.0,2.0,N
jackstr01,121.0,5.0,N
leachto01,201.0,1.0,N
pearsmo01,266.0,1.0,N
plesada01,539.0,0.0,N
hurstbr01,499.0,1.0,N
willicy01,121.0,1.0,N
schalra01,247.0,33.0,N
hermaba01,121.0,2.0,N
manushe01,193.0,13.0,N
gonzaju03,581.0,30.0,N
jenkife01,444.0,296.0,N
crossla01,274.0,1.0,N
mcmanma01,266.0,2.0,N
wheatza01,193.0,26.0,N
garvene01,292.0,1.0,N
fitzsfr01,153.0,2.0,N
bunniji01,443.0,282.0,N
maddugr01,571.0,555.0,Y
gowdyha01,264.0,58.0,N
howarel01,374.0,32.0,N
wilsoji01,234.0,7.0,N
haasmu01,266.0,1.0,N
coombja01,201.0,2.0,N
burdele01,388.0,21.0,N
suttebr01,497.0,121.0,N
bottoji01,266.0,57.0,N
applilu01,269.0,72.0,N
sherdbi01,153.0,1.0,N
duffyhu01,274.0,34.0,N
parkeda01,473.0,116.0,N
bigbeca01,121.0,1.0,N
gromest01,201.0,1.0,N
leachfr01,269.0,1.0,N
vernomi01,383.0,52.0,N
ruffire01,160.0,72.0,N
kellejo01,233.0,1.0,N
mcdougi01,360.0,4.0,N
bancrda01,234.0,11.0,N
carribi02,247.0,3.0,N
pennohe01,263.0,16.0,N
santoro01,473.0,186.0,N
hendrge01,456.0,0.0,N
nettlgr01,456.0,38.0,N
thomsbo01,340.0,6.0,N
crandde01,388.0,15.0,N
whitewi01,362.0,7.0,N
bagweje01,440.0,315.0,N
gehrich01,153.0,102.0,N
wanerll01,226.0,1.0,N
doakbi01,266.0,3.0,N
hornsro01,274.0,176.0,N
cepedor01,443.0,192.0,N
kuennha01,415.0,62.0,N
roberro01,365.0,224.0,N
jacksso01,385.0,1.0,N
youngcy01,226.0,111.0,N
grimmch01,168.0,13.0,N
bodiepi01,153.0,1.0,N
terrybi01,247.0,32.0,N
wallabo01,274.0,5.0,N
ofarrbo01,269.0,3.0,N
ricesa01,264.0,3.0,N
coopewa01,362.0,13.0,N
wilsoji01,121.0,8.0,N
hardeme01,269.0,12.0,N
martied01,440.0,191.0,N
remyje01,444.0,1.0,N
fiskca01,499.0,397.0,Y
faberre01,269.0,83.0,N
odoulle01,160.0,13.0,N
lemonbo01,340.0,56.0,N
brownga01,415.0,0.0,N
dooinre01,262.0,1.0,N
robinwi01,247.0,81.0,N
streega01,201.0,1.0,N
blylebe01,539.0,338.0,N
ruffire01,252.0,29.0,N
maysca01,266.0,6.0,N
haasmu01,193.0,1.0,N
aloufe01,385.0,3.0,N
martipe01,266.0,46.0,N
jenseja01,360.0,2.0,N
belleal01,545.0,19.0,N
harrato01,430.0,1.0,N
sherdbi01,168.0,1.0,N
gomezle01,226.0,23.0,N
staubru01,423.0,32.0,N
lombaer01,302.0,34.0,N
crigelo01,78.0,1.0,N
ashburi01,360.0,10.0,N
whitero01,395.0,0.0,N
thornan01,423.0,2.0,N
brechha01,360.0,7.0,N
lopezal01,153.0,1.0,N
chapmbe01,234.0,1.0,N
garcino01,549.0,30.0,N
vanceda01,226.0,1.0,N
mostijo01,266.0,1.0,N
whitero02,569.0,0.0,N
foxne01,374.0,173.0,N
kuennha01,385.0,83.0,N
nettlgr01,460.0,28.0,N
vernomi01,380.0,23.0,N
scottev01,121.0,3.0,N
brownmo01,233.0,63.0,N
kleinch01,226.0,15.0,N
marisro01,379.0,83.0,N
lynnfr01,470.0,26.0,N
faberre01,252.0,12.0,N
zimmech01,262.0,1.0,N
matheed01,362.0,148.0,N
kaatji01,447.0,87.0,N
tartada01,496.0,1.0,N
brownmo01,274.0,54.0,N
schoere01,383.0,105.0,N
dinnebi01,247.0,1.0,N
reynoal01,302.0,60.0,N
bondsba01,549.0,202.0,N
schalra01,202.0,36.0,N
dimagdo01,160.0,2.0,N
floodcu01,427.0,48.0,N
moorete01,264.0,1.0,N
sosasa01,549.0,36.0,N
streega01,264.0,1.0,N
mussimi01,571.0,116.0,N
peckiro01,153.0,1.0,N
whitewi01,388.0,7.0,N
wrighgl01,121.0,2.0,N
wiseri01,427.0,0.0,N
southbi01,226.0,4.0,N
delahed01,201.0,70.0,N
piercbi02,300.0,5.0,N
leonaje01,470.0,0.0,N
wilsoji01,252.0,8.0,N
malonji01,379.0,2.0,N
eversjo01,262.0,91.0,N
covelst01,262.0,1.0,N
handsbi01,401.0,0.0,N
jennihu01,262.0,23.0,N
stanked01,269.0,3.0,N
allendi01,447.0,35.0,N
rixeyep01,193.0,27.0,N
crossla01,233.0,1.0,N
moneydo01,447.0,1.0,N
killebi01,202.0,1.0,N
hargrbu01,161.0,1.0,N
thomsbo01,396.0,10.0,N
allendi01,425.0,41.0,N
troutdi01,201.0,1.0,N
aparilu01,401.0,148.0,N
coopewi01,153.0,4.0,N
southbi01,266.0,18.0,N
dimagdo01,380.0,43.0,N
newhoha01,360.0,94.0,N
jonesdo01,520.0,2.0,N
kinerra01,302.0,74.0,N
crigelo01,202.0,6.0,N
ritchcl01,247.0,1.0,N
slaugen01,300.0,133.0,N
brettge01,497.0,488.0,Y
bergema01,274.0,1.0,N
walkela01,440.0,68.0,N
mcinnst01,226.0,3.0,N
staubru01,460.0,23.0,N
kluszte01,385.0,50.0,N
moorete01,168.0,1.0,N
medwijo01,193.0,31.0,N
leonadu02,340.0,4.0,N
chesbja01,262.0,2.0,N
richmle01,78.0,0.0,N
reynoal01,306.0,19.0,N
nehfar01,226.0,4.0,N
adamsba01,262.0,11.0,N
gowdyha01,153.0,10.0,N
planked01,201.0,23.0,N
stanlmi01,403.0,2.0,N
wilsoha01,187.0,12.0,N
fernato01,545.0,4.0,N
holtzke01,425.0,5.0,N
bancrda01,274.0,1.0,N
rowesc01,283.0,6.0,N
colliji01,274.0,72.0,N
willsma01,427.0,127.0,N
beaumgi01,262.0,1.0,N
brownmo01,247.0,46.0,N
cardejo02,425.0,1.0,N
mcgrifr01,571.0,67.0,N
coopewa01,396.0,8.0,N
donovbi01,201.0,3.0,N
cronijo01,251.0,135.0,N
boyerke01,379.0,18.0,N
mcdougi01,365.0,3.0,N
riceji01,539.0,412.0,Y
boyerke01,430.0,71.0,N
perezto01,430.0,215.0,N
kellyki01,78.0,15.0,N
lemonbo01,362.0,233.0,N
lucasre01,168.0,1.0,N
pinsova01,444.0,36.0,N
reynoal01,201.0,35.0,N
murphda05,506.0,43.0,N
boonebo01,499.0,21.0,N
cepedor01,395.0,114.0,N
haineje01,193.0,14.0,N
scottev01,201.0,2.0,N
trammal01,506.0,70.0,N
bendech01,262.0,33.0,N
castilu01,440.0,0.0,N
willicy01,234.0,4.0,N
scottev01,262.0,2.0,N
ottme01,187.0,128.0,N
newcodo01,432.0,52.0,N
boyerke01,447.0,62.0,N
whitede01,78.0,1.0,N
leonadu02,300.0,5.0,N
ceyro01,423.0,8.0,N
kammwi01,269.0,1.0,N
lolicmi01,497.0,26.0,N
reuscri01,473.0,2.0,N
warnelo01,266.0,2.0,N
cuyleki01,121.0,3.0,N
hartnga01,247.0,2.0,N
drysddo01,374.0,242.0,N
wallabo01,201.0,1.0,N
muellbi02,573.0,4.0,N
jackstr01,226.0,4.0,N
woodwi01,425.0,23.0,N
mattido01,496.0,68.0,N
wheatza01,168.0,17.0,N
forscbo01,460.0,2.0,N
conceda01,456.0,31.0,N
sandbry01,496.0,244.0,N
clarkjo01,202.0,1.0,N
belleal01,520.0,40.0,N
ringji01,153.0,1.0,N
bartobo01,385.0,0.0,N
reynoal01,340.0,98.0,N
mazerbi01,444.0,131.0,N
elberki01,226.0,1.0,N
bunniji01,379.0,181.0,N
woodwi01,427.0,30.0,N
carribi02,262.0,4.0,N
lawve01,362.0,6.0,N
moorete01,201.0,14.0,N
marquru01,226.0,1.0,N
coopewi01,262.0,1.0,N
wilsoji01,160.0,4.0,N
newcodo01,306.0,2.0,N
montawi01,427.0,0.0,N
gwynnto01,545.0,532.0,Y
carewro01,443.0,401.0,Y
tewksbo01,506.0,0.0,N
kellge01,201.0,8.0,N
rusieam01,262.0,8.0,N
hartnga01,168.0,54.0,N
beaucji01,432.0,0.0,N
willike01,193.0,1.0,N
marioma01,302.0,86.0,N
brosisc01,545.0,0.0,N
nehfar01,252.0,7.0,N
burroje01,443.0,1.0,N
mattido01,506.0,65.0,N
robinwi01,233.0,89.0,N
gowdyha01,247.0,3.0,N
jackstr01,168.0,6.0,N
adamsbo03,302.0,1.0,N
marisro01,413.0,176.0,N
santoro01,413.0,78.0,N
gomezle01,168.0,18.0,N
vandejo01,306.0,35.0,N
huggimi01,168.0,2.0,N
lewisdu01,274.0,6.0,N
niekrph01,456.0,273.0,N
waltebu01,292.0,65.0,N
fostege01,423.0,29.0,N
seweljo01,266.0,1.0,N
baineha01,545.0,29.0,N
deandi01,234.0,152.0,N
slaugen01,302.0,100.0,N
perryji01,401.0,6.0,N
chancfr01,202.0,144.0,N
gordojo01,300.0,79.0,N
oneilpa01,545.0,12.0,N
henrito01,300.0,62.0,N
johnto01,472.0,127.0,N
rizzuph01,306.0,14.0,N
applilu01,251.0,3.0,N
richabo01,396.0,8.0,N
sherdbi01,121.0,1.0,N
cavarph01,292.0,15.0,N
robinwi01,78.0,6.0,N
millebo04,385.0,0.0,N
henrito01,160.0,3.0,N
kinerra01,340.0,137.0,N
woodjo02,201.0,13.0,N
willike01,266.0,1.0,N
marisro01,403.0,107.0,N
vandejo01,247.0,1.0,N
ruckena01,202.0,13.0,N
waltebu01,302.0,56.0,N
tennefr02,262.0,8.0,N
marshmi01,413.0,6.0,N
gomezle01,161.0,1.0,N
trammal01,549.0,138.0,N
tinkejo01,202.0,55.0,N
greenha01,251.0,157.0,N
combsea01,168.0,3.0,N
stahlla01,432.0,0.0,N
newhoha01,380.0,79.0,N
facero01,427.0,79.0,N
cepedor01,430.0,246.0,N
chancfr01,263.0,150.0,N
grimebu01,121.0,7.0,N
odoulle01,234.0,19.0,N
oroscje01,539.0,1.0,N
gehrilo01,226.0,51.0,N
minosmi01,447.0,59.0,N
remseja01,78.0,1.0,N
minosmi01,425.0,89.0,N
burdele01,403.0,97.0,N
wrighgl01,153.0,1.0,N
burdele01,395.0,82.0,N
newsobo01,340.0,32.0,N
lopezal01,264.0,2.0,N
bondsbo01,460.0,35.0,N
suttebr01,499.0,192.0,N
wynnji01,374.0,0.0,N
bergewa01,266.0,2.0,N
gowdyha01,251.0,90.0,N
granted01,247.0,2.0,N
gossari01,472.0,203.0,N
adamssp01,266.0,1.0,N
wittbo01,545.0,0.0,N
bondsbo01,473.0,20.0,N
vandejo01,193.0,3.0,N
cartega01,472.0,343.0,N
dawsoan01,543.0,358.0,N
loftoke01,569.0,18.0,N
olivato01,423.0,157.0,N
hoffmtr01,440.0,296.0,N
burgesm01,380.0,1.0,N
mageesh01,202.0,1.0,N
willibi01,403.0,202.0,N
biggicr01,549.0,454.0,Y
mattido01,569.0,75.0,N
rolfere01,168.0,7.0,N
combsea01,193.0,14.0,N
klingjo01,274.0,14.0,N
mckecbi01,247.0,2.0,N
maddoga01,430.0,0.0,N
kentje01,549.0,77.0,N
murphda05,545.0,50.0,N
kellge01,340.0,60.0,N
kaatji01,444.0,79.0,N
martied01,539.0,195.0,N
eversjo01,233.0,91.0,N
tebbebi01,266.0,8.0,N
bunniji01,374.0,138.0,N
mccarjo99,226.0,1.0,N
candito01,516.0,2.0,N
minosmi01,423.0,67.0,N
lawve01,379.0,6.0,N
reardje01,499.0,24.0,N
allendi01,444.0,58.0,N
olivato01,427.0,202.0,N
kleskry01,569.0,0.0,N
durocle01,234.0,1.0,N
francjo01,581.0,27.0,N
altroni01,252.0,2.0,N
jurgebi01,153.0,2.0,N
facero01,425.0,74.0,N
sheckji01,262.0,1.0,N
wheatza01,251.0,51.0,N
cavarph01,306.0,4.0,N
wilsoha01,233.0,1.0,N
heganji01,302.0,5.0,N
hodgegi01,379.0,226.0,N
roepr01,396.0,2.0,N
adamsba01,252.0,13.0,N
martipe01,226.0,19.0,N
greenha01,153.0,67.0,N
olivato01,430.0,175.0,N
grimmch01,264.0,9.0,N
sullibi03,201.0,1.0,N
baylodo01,460.0,12.0,N
bottoji01,160.0,20.0,N
scottja01,266.0,1.0,N
perkicy01,266.0,2.0,N
mattido01,539.0,64.0,N
careyma01,266.0,136.0,N
gilesbr02,549.0,0.0,N
walshed01,247.0,137.0,N
newcodo01,385.0,59.0,N
lazzeto01,161.0,1.0,N
reynoal01,380.0,93.0,N
milancl01,226.0,1.0,N
dickebi01,247.0,17.0,N
lanieha01,432.0,1.0,N
sainjo01,300.0,9.0,N
gehrich01,187.0,159.0,Y
matheed01,365.0,118.0,N
rizzuph01,396.0,103.0,N
johnsch04,581.0,0.0,N
rolfere01,226.0,6.0,N
wheatza01,201.0,5.0,N
cavarph01,362.0,129.0,N
cartega01,496.0,387.0,Y
medwijo01,269.0,38.0,N
medwijo01,302.0,187.0,N
bushdo01,201.0,1.0,N
tiantlu01,423.0,62.0,N
critzhu01,193.0,2.0,N
martied01,573.0,209.0,N
kaatji01,497.0,100.0,N
boyerke01,423.0,69.0,N
smithle02,569.0,272.0,N
schumha02,201.0,10.0,N
lathaar01,78.0,1.0,N
drysddo01,432.0,233.0,N
milancl01,234.0,1.0,N
deandi01,247.0,17.0,N
kerrdi01,274.0,5.0,N
bottoji01,234.0,7.0,N
fordwh01,380.0,255.0,N
barryja01,262.0,3.0,N
vaughar01,302.0,36.0,N
meusebo01,168.0,2.0,N
olivato01,403.0,124.0,N
mazerbi01,427.0,143.0,N
kuennha01,403.0,106.0,N
reynoal01,360.0,110.0,N
doerrbo01,201.0,5.0,N
kleinch01,266.0,36.0,N
raineti01,573.0,279.0,N
grimebu01,274.0,1.0,N
earnsge01,153.0,2.0,N
daubeja01,201.0,2.0,N
sadecra01,374.0,2.0,N
fairlro01,403.0,0.0,N
morrija02,571.0,351.0,N
northji01,415.0,0.0,N
fostege01,460.0,19.0,N
cochrmi01,161.0,128.0,Y
robinwi01,201.0,5.0,N
flintsi01,78.0,0.0,N
vernomi01,388.0,52.0,N
rootch01,269.0,2.0,N
schacal01,274.0,1.0,N
leevesa01,201.0,1.0,N
combsea01,262.0,7.0,N
planked01,233.0,63.0,N
gelbech01,161.0,1.0,N
bancrda01,153.0,5.0,N
siebeso01,401.0,1.0,N
whitalo01,515.0,15.0,N
newcodo01,362.0,11.0,N
haddiha01,380.0,1.0,N
shockur01,153.0,2.0,N
morriha02,520.0,5.0,N
wertzvi01,365.0,2.0,N
scottev01,234.0,4.0,N
jonesja05,571.0,1.0,N
ashburi01,383.0,139.0,N
warnelo01,160.0,2.0,N
deandi01,226.0,145.0,N
raschvi01,340.0,3.0,N
sherdbi01,251.0,1.0,N
parrila01,456.0,2.0,N
newhoha01,300.0,80.0,N
eversjo01,226.0,6.0,N
wadderu01,247.0,154.0,N
dooinre01,201.0,1.0,N
cuyleki01,266.0,90.0,N
grovele01,247.0,28.0,N
niekrph01,470.0,321.0,N
trammal01,569.0,191.0,N
kluszte01,365.0,28.0,N
willsma01,425.0,124.0,N
leonadu02,269.0,2.0,N
hafeych01,121.0,1.0,N
thomsbo01,292.0,10.0,N
hortowi01,425.0,4.0,N
doerrbo01,302.0,30.0,N
rommeed01,153.0,2.0,N
applilu01,264.0,2.0,N
cramedo01,269.0,1.0,N
bauerha01,306.0,9.0,N
johnsal01,415.0,0.0,N
vanceda01,233.0,37.0,N
erskica01,300.0,2.0,N
ehmkeho01,264.0,3.0,N
coninje01,569.0,0.0,N
mccarti01,425.0,16.0,N
loberha01,269.0,1.0,N
chapmbe01,153.0,1.0,N
roushed01,247.0,5.0,N
aparilu01,403.0,341.0,Y
langebi01,78.0,6.0,N
hodgegi01,385.0,230.0,N
derripa01,121.0,1.0,N
hamptmi01,440.0,0.0,N
cronijo01,193.0,152.0,Y
minosmi01,413.0,82.0,N
beckro01,543.0,2.0,N
foxne01,380.0,73.0,N
moorejo02,168.0,1.0,N
hodgegi01,432.0,242.0,N
mcgrifr01,573.0,137.0,N
walshed01,226.0,20.0,N
gomezle01,234.0,29.0,N
shantbo01,360.0,5.0,N
burnsge01,168.0,2.0,N
earnsge01,121.0,3.0,N
cochrmi01,247.0,125.0,N
mazerbi01,415.0,28.0,N
schalra01,274.0,35.0,N
gurala01,443.0,0.0,N
hoytwa01,153.0,7.0,N
rogerst01,443.0,0.0,N
mizejo01,201.0,54.0,N
hartnga01,161.0,2.0,N
lewisdu01,264.0,20.0,N
richaha01,78.0,1.0,N
grimebu01,234.0,9.0,N
dickebi01,263.0,32.0,N
cruzjo01,456.0,2.0,N
uhlege01,193.0,1.0,N
sweenmi01,440.0,3.0,N
leonadu02,360.0,3.0,N
floodcu01,443.0,23.0,N
combsea01,160.0,6.0,N
danniha01,269.0,1.0,N
gowdyha01,266.0,45.0,N
timlimi01,571.0,0.0,N
burgesm01,365.0,2.0,N
sewelri01,160.0,1.0,N
reynoal01,201.0,6.0,N
mungova01,247.0,1.0,N
foxne01,432.0,174.0,N
hernake01,470.0,24.0,N
lemonbo01,300.0,75.0,N
chandsp01,201.0,6.0,N
maranra01,264.0,164.0,N
reesepe01,302.0,95.0,N
thompro01,472.0,0.0,N
clarkho01,385.0,0.0,N
coopewa01,340.0,5.0,N
parkeda01,515.0,84.0,N
newcodo01,283.0,9.0,N
allendi01,427.0,52.0,N
mcgrifr01,539.0,116.0,N
beckegl01,401.0,1.0,N
newhoha01,292.0,62.0,N
seaveto01,430.0,425.0,Y
facero01,432.0,35.0,N
gowdyha01,121.0,3.0,N
mcnalda01,415.0,5.0,N
dempsri01,473.0,1.0,N
kennete02,473.0,1.0,N
baylodo01,456.0,12.0,N
maranra01,262.0,73.0,N
tennefr02,274.0,3.0,N
raineti01,440.0,307.0,N
faberre01,153.0,6.0,N
ashburi01,396.0,11.0,N
larkiba01,581.0,361.0,N
spahnwa01,266.0,1.0,N
delahed01,274.0,145.0,N
larsedo01,374.0,22.0,N
hermaba01,233.0,1.0,N
boudrlo01,306.0,68.0,N
greenha01,264.0,80.0,N
knoblch01,543.0,1.0,N
thomsbo01,283.0,13.0,N
morgajo02,444.0,363.0,Y
greenha01,193.0,164.0,Y
scottge02,425.0,1.0,N
simmoal01,153.0,89.0,N
niekrph01,460.0,286.0,N
gibsobo01,401.0,337.0,Y
ferreri01,193.0,1.0,N
roushed01,193.0,91.0,N
colliji01,233.0,68.0,N
wilheho01,395.0,331.0,Y
bendech01,153.0,2.0,N
averiea01,193.0,3.0,N
jossad01,202.0,14.0,N
beaumgi01,247.0,1.0,N
winfida01,515.0,435.0,Y
bakerfr01,233.0,39.0,N
henketo01,515.0,6.0,N
terrybi01,168.0,105.0,N
lopezal01,302.0,109.0,N
simmoal01,202.0,1.0,N
groteje01,413.0,0.0,N
shantbo01,396.0,9.0,N
lyonste01,264.0,139.0,N
gordojo01,201.0,30.0,N
elliobo01,269.0,2.0,N
camildo01,193.0,1.0,N
cronijo01,121.0,25.0,N
cavarph01,300.0,51.0,N
maranra01,233.0,66.0,N
walberu01,269.0,1.0,N
grohhe01,121.0,1.0,N
larsedo01,425.0,33.0,N
hentgpa01,539.0,1.0,N
bushdo01,202.0,2.0,N
mcinnst01,262.0,4.0,N
malonji01,432.0,2.0,N
pafkoan01,302.0,2.0,N
vaughar01,160.0,6.0,N
minosmi01,444.0,51.0,N
rixeyep01,161.0,2.0,N
mccarjo99,161.0,2.0,N
perezto01,499.0,385.0,Y
ashburi01,379.0,158.0,N
grovele01,226.0,12.0,N
lolicmi01,443.0,33.0,N
snidedu01,432.0,308.0,N
nomohid01,571.0,6.0,N
judgejo01,153.0,1.0,N
hodgegi01,300.0,145.0,N
sievero01,396.0,3.0,N
bluegos01,153.0,1.0,N
leiteal01,581.0,4.0,N
rusieam01,233.0,1.0,N
averiea01,153.0,1.0,N
haddiha01,379.0,7.0,N
woodwi01,447.0,14.0,N
hunteca01,413.0,315.0,Y
roushed01,201.0,10.0,N
vanceda01,161.0,50.0,N
vernomi01,432.0,88.0,N
duffyhu01,262.0,24.0,N
peckiro01,234.0,2.0,N
kinerra01,306.0,41.0,N
crandde01,379.0,6.0,N
richabo01,365.0,5.0,N
drabedo01,506.0,2.0,N
hardeme01,201.0,51.0,N
russebi01,430.0,3.0,N
larsedo01,365.0,29.0,N
santoro01,473.0,204.0,N
sheckji01,247.0,1.0,N
foxne01,365.0,79.0,N
fletcar01,161.0,3.0,N
blylebe01,473.0,83.0,N
combsea01,247.0,1.0,N
jackstr01,234.0,1.0,N
walkedi02,283.0,6.0,N
newhoha01,362.0,155.0,N
grimmch01,160.0,2.0,N
odoulle01,269.0,45.0,N
johnto01,516.0,123.0,N
smallro01,201.0,1.0,N
blylebe01,515.0,121.0,N
sherdbi01,226.0,1.0,N
vernomi01,302.0,20.0,N
bakerfr01,226.0,8.0,N
mizejo01,201.0,12.0,N
furilca01,292.0,2.0,N
cirilje01,569.0,0.0,N
durocle01,269.0,10.0,N
guidrro01,473.0,31.0,N
eckerde01,506.0,421.0,Y
dickebi01,252.0,202.0,Y
huggimi01,274.0,97.0,N
dobyla01,292.0,10.0,N
parkeda01,516.0,65.0,N
marioma01,300.0,120.0,N
ruelmu01,251.0,11.0,N
willibe02,573.0,55.0,N
duffyhu01,233.0,77.0,N
dykesji01,193.0,1.0,N
conceda01,470.0,63.0,N
crigelo01,274.0,2.0,N
erskica01,365.0,11.0,N
wrighgl01,226.0,1.0,N
fletcar01,153.0,1.0,N
camparo01,201.0,115.0,N
hardeme01,234.0,10.0,N
whiteea01,160.0,6.0,N
burkeje01,262.0,2.0,N
santoro01,470.0,174.0,N
ricesa01,193.0,45.0,N
mattido01,549.0,50.0,N
cravaga01,274.0,2.0,N
cuccito01,266.0,3.0,N
zachato01,266.0,1.0,N
klingjo01,121.0,2.0,N
cranddo01,262.0,1.0,N
hartnga01,202.0,2.0,N
walkedi02,201.0,6.0,N
grohhe01,262.0,3.0,N
stottto01,543.0,1.0,N
dunstsh01,543.0,1.0,N
suttebr01,470.0,137.0,N
nettlgr01,470.0,37.0,N
bancrda01,226.0,9.0,N
disarga01,520.0,0.0,N
murreiv01,385.0,0.0,N
lolicmi01,395.0,78.0,N
boudrlo01,292.0,143.0,N
gomezle01,266.0,76.0,N
gonzaju03,573.0,23.0,N
peckiro01,233.0,2.0,N
simmote01,456.0,17.0,N
allendi01,430.0,69.0,N
dickebi01,226.0,118.0,N
munsoth01,423.0,40.0,N
rudoldi01,201.0,1.0,N
cuyleki01,193.0,55.0,N
dimagdo01,340.0,13.0,N
boyerke01,395.0,68.0,N
fiskca01,497.0,330.0,N
burdele01,365.0,7.0,N
wilsoha01,160.0,39.0,N
judgejo01,269.0,15.0,N
willite01,302.0,282.0,Y
lewisdu01,247.0,1.0,N
granted01,233.0,3.0,N
mattido01,571.0,47.0,N
ottme01,226.0,197.0,Y
wathajo01,443.0,0.0,N
floodcu01,430.0,42.0,N
perezto01,473.0,312.0,N
slaugen01,396.0,149.0,N
stewaji01,432.0,0.0,N
sandbry01,506.0,309.0,N
reisepe01,266.0,6.0,N
torremi01,444.0,1.0,N
wanerll01,160.0,5.0,N
zahnge01,443.0,0.0,N
wallati01,472.0,1.0,N
minosmi01,427.0,90.0,N
kellge01,201.0,33.0,N
ewingbu01,274.0,2.0,N
thomsbo01,302.0,12.0,N
mcdougi01,396.0,4.0,N
santoro01,423.0,155.0,N
reynosh01,539.0,0.0,N
haddiha01,362.0,8.0,N
whiteea01,193.0,1.0,N
speaktr01,201.0,165.0,Y
stahlja01,274.0,1.0,N
mccarto01,78.0,1.0,N
kellge01,362.0,114.0,N
briggjo02,401.0,0.0,N
garvest01,456.0,166.0,N
pinsova01,374.0,12.0,N
walkedi02,160.0,1.0,N
kleinch01,201.0,18.0,N
roushed01,262.0,9.0,N
haineje01,153.0,2.0,N
mazerbi01,395.0,87.0,N
wambsbi01,251.0,5.0,N
bendech01,226.0,35.0,N
lopezal01,201.0,57.0,N
floodcu01,395.0,28.0,N
paskedo01,201.0,1.0,N
walshed01,274.0,132.0,N
cavarph01,201.0,1.0,N
schoere01,401.0,166.0,N
lewisdu01,201.0,3.0,N
zeileto01,539.0,0.0,N
erskica01,302.0,6.0,N
wilsoha01,274.0,1.0,N
wallabo01,233.0,2.0,N
kleinch01,234.0,19.0,N
lyonste01,187.0,14.0,N
rusieam01,274.0,6.0,N
floodcu01,470.0,71.0,N
gagliph01,385.0,0.0,N
wilheho01,379.0,158.0,N
grimmch01,274.0,1.0,N
guidrro01,497.0,31.0,N
waltebu01,234.0,3.0,N
willicy01,168.0,9.0,N
chesbja01,274.0,6.0,N
langsma01,516.0,0.0,N
hoernjo01,374.0,0.0,N
wilsoha01,201.0,1.0,N
washicl01,470.0,0.0,N
munsoth01,374.0,18.0,N
lawve01,388.0,9.0,N
bunniji01,403.0,201.0,N
schoere01,360.0,123.0,N
lolicmi01,444.0,27.0,N
harribu01,121.0,3.0,N
kinerra01,269.0,3.0,N
youngro01,121.0,19.0,N
phillto02,516.0,1.0,N
adamsba01,234.0,9.0,N
slaugen01,292.0,123.0,N
cavarph01,283.0,23.0,N
scottev01,161.0,1.0,N
rowesc01,340.0,17.0,N
kuennha01,444.0,107.0,N
gordojo01,160.0,4.0,N
griffcl01,233.0,71.0,N
bradlbi01,202.0,1.0,N
leebi03,427.0,3.0,N
sewellu01,160.0,1.0,N
camniho01,247.0,1.0,N
pennohe01,247.0,45.0,N
darkal01,388.0,62.0,N
bridgto01,160.0,1.0,N
vaughar01,306.0,19.0,N
trammal01,581.0,141.0,N
marquru01,201.0,13.0,N
bahnsst01,427.0,0.0,N
raineti01,543.0,132.0,N
quinnja01,121.0,2.0,N
willicy01,264.0,4.0,N
dickebi01,202.0,40.0,N
knabeot01,274.0,1.0,N
griffke02,440.0,437.0,Y
wertzvi01,379.0,4.0,N
dimagdo01,396.0,36.0,N
faberre01,234.0,9.0,N
fairlro01,395.0,3.0,N
bancrda01,251.0,19.0,N
perduhu01,274.0,1.0,N
tiantlu01,473.0,62.0,N
olivato01,413.0,160.0,N
veachbo01,201.0,1.0,N
burleri01,423.0,0.0,N
kessido01,395.0,2.0,N
alexape01,226.0,55.0,N
marioma01,380.0,127.0,N
waltebu01,264.0,10.0,N
brechha01,283.0,3.0,N
minosmi01,430.0,69.0,N
heilmha01,247.0,5.0,N
rootch01,168.0,1.0,N
durocle01,201.0,15.0,N
marquru01,121.0,6.0,N
breweji01,415.0,2.0,N
boyercl02,379.0,1.0,N
tananfr01,497.0,0.0,N
camparo01,302.0,197.0,N
staubru01,443.0,28.0,N
rizzuph01,340.0,78.0,N
paigesa01,226.0,1.0,N
lopezal01,266.0,34.0,N
smithlo01,499.0,1.0,N
rixeyep01,121.0,5.0,N
bartedi01,266.0,1.0,N
schanwa01,269.0,11.0,N
jenseja01,396.0,1.0,N
traynpi01,263.0,53.0,N
maranra01,252.0,209.0,Y
womacto01,573.0,0.0,N
walshed01,233.0,113.0,N
larkiba01,573.0,495.0,Y
hoytwa01,168.0,11.0,N
kluszte01,432.0,58.0,N
wrighgl01,168.0,2.0,N
boudrlo01,300.0,232.0,Y
raymobu01,201.0,1.0,N
roberda01,264.0,1.0,N
murphda05,497.0,96.0,N
crowdal01,266.0,1.0,N
quinnja01,266.0,9.0,N
doerrbo01,160.0,10.0,N
willicy01,252.0,4.0,N
reynoal01,283.0,95.0,N
bushgu01,193.0,2.0,N
groatdi01,365.0,4.0,N
dawsoan01,539.0,420.0,Y
lopezal01,306.0,50.0,N
kellejo01,274.0,1.0,N
lolicmi01,423.0,43.0,N
moorete01,160.0,1.0,N
meusebo01,153.0,3.0,N
vandejo01,300.0,88.0,N
stengca01,247.0,2.0,N
meusebo01,262.0,1.0,N
bancrda01,202.0,1.0,N
